year,month,R_F,R_MKT,R_ME,R_IA,R_ROE,R_EG
1967,1,0.3927,8.1879,6.8076,-2.9213,1.8882,-2.5547
1967,2,0.3743,0.7501,1.6269,-0.2950,3.5538,2.1825
1967,3,0.3693,4.0187,1.9875,-1.6769,1.8413,-1.1191
1967,4,0.3344,3.8808,-0.6677,-2.8961,1.0300,-1.6378
1967,5,0.3126,-4.2980,2.7533,2.1806,0.6005,0.1188
1967,6,0.2674,2.4249,6.3204,-2.0996,0.3509,-0.4146
1967,7,0.3153,4.5799,3.1479,2.2785,-0.6512,-0.1615
1967,8,0.3240,-0.9123,0.3678,1.9288,-0.5970,0.0648
1967,9,0.3177,3.1088,1.8040,-0.4063,0.7505,-0.9188
1967,10,0.3649,-3.0525,0.7508,-2.4370,3.2864,0.1061
1967,11,0.3416,0.3801,-0.0135,-2.8164,0.6972,0.0261
1967,12,0.3565,3.0246,4.5413,0.0945,0.6893,1.7038
1968,1,0.3934,-4.0237,5.2989,4.6367,-3.0127,1.0550
1968,2,0.3849,-3.7361,-1.9628,2.5737,-0.3791,2.9688
1968,3,0.3977,0.1889,-1.8949,-0.8208,1.8425,1.3102
1968,4,0.4263,9.0323,5.5115,-2.7344,3.6187,-1.8775
1968,5,0.4672,2.2558,6.7374,-2.3322,1.9930,-0.2332
1968,6,0.4436,0.6703,-0.4629,2.4961,-0.2262,0.0433
1968,7,0.4790,-2.6889,-1.1891,2.7300,-1.9582,3.5955
1968,8,0.4476,1.3325,2.1733,0.6447,-0.6678,1.5990
1968,9,0.4203,4.0601,1.4346,-0.5673,-3.4137,-1.1016
1968,10,0.4394,0.4286,-0.6002,2.6611,0.3868,2.4951
1968,11,0.4457,5.4113,2.7216,-1.3480,-0.4173,-0.9917
1968,12,0.4249,-3.9332,2.9675,2.6505,-0.6156,-0.4981
1969,1,0.5025,-1.2301,-0.3804,1.2088,-0.1174,0.2967
1969,2,0.4619,-5.8662,-3.8434,0.7782,0.9821,2.2765
1969,3,0.4802,2.6567,-0.3358,0.5044,2.0384,2.6271
1969,4,0.4859,1.5086,-0.1963,0.5138,2.0138,-0.1388
1969,5,0.5215,-0.1268,0.1988,1.5381,0.1959,0.2056
1969,6,0.5137,-7.1984,-4.7596,-0.6350,3.3344,2.5282
1969,7,0.5520,-7.0352,-2.9000,1.9885,2.0756,3.6221
1969,8,0.5890,4.6050,0.9881,-2.6530,0.5129,-2.0310
1969,9,0.5856,-2.9363,0.6792,0.0435,1.7112,2.6461
1969,10,0.5724,5.0822,2.9733,-1.4792,-1.4489,-1.6176
1969,11,0.5509,-3.8347,-2.0354,0.1890,2.8492,2.4150
1969,12,0.5846,-2.5849,-3.6973,-0.6380,3.4679,1.7258
1970,1,0.5781,-8.0777,3.6668,3.8252,-0.7280,3.5328
1970,2,0.6167,5.0928,-2.4141,1.6272,-2.2926,-0.2197
1970,3,0.5542,-1.0380,-1.4169,3.3929,-0.9674,3.2246
1970,4,0.5286,-11.0463,-4.5722,5.2900,0.1576,5.7236
1970,5,0.5546,-6.9399,-3.4074,3.2268,0.0945,3.9817
1970,6,0.5546,-5.7735,-2.1224,3.6745,2.4560,4.3769
1970,7,0.4886,6.9533,-0.6074,2.6329,-0.3280,-0.9622
1970,8,0.5020,4.5347,0.7065,-0.8436,-3.2816,-2.1518
1970,9,0.5034,4.2200,7.2337,-4.5576,-1.3475,-5.5827
1970,10,0.4954,-2.3140,-3.1611,2.9775,5.4834,4.1488
1970,11,0.4489,4.6190,-3.8592,1.0514,1.0684,2.4327
1970,12,0.3786,5.7813,2.7777,0.4201,-1.4711,-0.3407
1971,1,0.3777,4.8399,6.9089,-0.3598,-4.3306,-3.3926
1971,2,0.3344,1.3955,1.4580,0.5443,2.4579,0.8106
1971,3,0.2924,4.1356,2.6644,-1.9842,1.9343,-0.1839
1971,4,0.2804,3.1494,-0.3042,1.1149,-1.3643,-1.0590
1971,5,0.3127,-4.0130,-1.4909,0.8775,1.4251,0.9074
1971,6,0.3505,-0.0701,-0.6734,-0.6353,4.3705,2.2900
1971,7,0.4272,-4.5216,0.0453,2.4388,2.6438,0.9166
1971,8,0.4446,3.8185,-2.1511,1.6847,-3.3222,-0.0855
1971,9,0.3630,-0.8484,0.3007,0.0688,2.7605,1.2785
1971,10,0.3855,-4.4412,-1.1076,-0.6750,1.9479,2.2045
1971,11,0.3506,-0.4380,-2.8763,-0.2901,1.4730,1.5508
1971,12,0.3152,8.7447,2.9217,-2.0106,-1.1822,-1.4764
1972,1,0.2850,2.4864,6.5304,-0.0256,-6.8223,1.8773
1972,2,0.2659,2.8518,0.5160,1.9981,1.0235,-0.4364
1972,3,0.2590,0.6352,-1.0858,1.7602,2.1602,1.6340
1972,4,0.2962,0.2714,0.2959,0.2685,0.7176,0.2058
1972,5,0.2942,1.2886,-2.7547,-1.7521,1.8968,1.3205
1972,6,0.2800,-2.4185,0.4514,-0.1615,3.4745,1.6525
1972,7,0.3084,-0.8391,-2.0314,-0.4048,2.2082,3.2865
1972,8,0.2988,3.2555,-3.6327,3.6303,-1.4473,0.7717
1972,9,0.3546,-1.1494,-1.0980,-0.9915,2.1835,0.4485
1972,10,0.3891,0.5260,-3.1826,-0.4156,-0.5145,0.5813
1972,11,0.3739,4.5986,-1.0259,2.5029,-4.1115,0.6487
1972,12,0.4185,0.5713,-1.8990,-1.3270,3.0371,1.7625
1973,1,0.4410,-3.2930,-2.6587,0.3344,-0.5698,3.4434
1973,2,0.4277,-4.8721,-4.5512,0.1217,-1.0863,1.6563
1973,3,0.4750,-1.3420,-1.8328,0.6304,-1.8393,3.2599
1973,4,0.5002,-5.6631,-2.9457,3.0658,-0.5941,4.1631
1973,5,0.5098,-2.9716,-5.7116,-0.5172,1.4324,1.5030
1973,6,0.5379,-1.5993,-1.3592,0.4589,0.0187,2.9907
1973,7,0.6540,5.0278,8.0677,-5.6784,1.3219,-4.1838
1973,8,0.6855,-3.8068,-1.8718,1.7694,1.6262,1.4946
1973,9,0.6749,4.7531,5.4788,2.1472,-1.6309,-1.5762
1973,10,0.6856,-0.8658,-0.9595,2.8797,0.8755,4.0356
1973,11,0.5529,-12.7825,-7.1862,2.2434,-0.7442,2.2067
1973,12,0.6961,0.6710,-4.8557,2.2165,3.3297,4.4653
1974,1,0.6274,-0.1582,11.8443,2.3657,-4.4623,-0.4973
1974,2,0.5819,-0.4650,-0.5534,2.0672,-1.2398,1.4610
1974,3,0.5677,-2.8321,1.9402,-0.0616,1.9229,1.0149
1974,4,0.7949,-5.3336,-0.4706,2.3754,2.3019,2.4683
1974,5,0.7235,-4.6773,-4.0892,-0.4516,2.2698,0.2697
1974,6,0.6892,-2.9276,0.2403,1.5523,1.5513,2.0135
1974,7,0.6756,-8.0253,3.5392,4.5248,2.5139,5.6763
1974,8,0.5940,-9.3867,2.1856,3.2538,2.8300,4.9638
1974,9,0.7997,-11.7778,2.0234,4.9772,-2.2324,3.4947
1974,10,0.5254,16.0694,-6.0270,-1.5134,8.8918,0.9748
1974,11,0.5139,-4.5070,-0.8687,2.7348,1.7768,1.3723
1974,12,0.7009,-3.4484,-3.8441,2.2764,0.2964,1.8536
1975,1,0.5387,13.7145,12.5819,-0.6871,-11.5874,-5.4888
1975,2,0.4326,5.5673,-1.4324,-1.7211,3.5999,0.5960
1975,3,0.4014,2.6671,3.1932,-0.6004,-1.7708,-1.8133
1975,4,0.4489,4.2104,-1.3233,-0.0732,3.3876,2.2006
1975,5,0.4869,5.1556,3.2927,-0.1499,-0.2656,0.0118
1975,6,0.4133,4.8677,1.6615,0.3256,-1.6697,-0.6962
1975,7,0.4811,-6.5898,2.9525,1.4609,-1.4023,1.7771
1975,8,0.4815,-2.8400,-3.1891,-0.1929,0.7406,1.4185
1975,9,0.5575,-4.2948,0.6777,1.3631,1.6748,3.2855
1975,10,0.5185,5.3483,-4.6016,3.1191,2.5722,2.5229
1975,11,0.4127,2.6479,-0.4446,1.5598,0.7009,1.6091
1975,12,0.4983,-1.6245,0.2826,-0.0065,-2.2669,0.4899
1976,1,0.4402,12.1785,6.8285,1.3922,-2.7109,0.9361
1976,2,0.3452,0.3085,6.9595,2.2280,-3.7043,0.8299
1976,3,0.4344,2.2896,-0.3840,1.6797,2.3170,1.4938
1976,4,0.4440,-1.5124,-0.4725,-0.9690,-0.2721,-0.0160
1976,5,0.4124,-1.3744,-1.2231,-0.9974,0.4395,0.4123
1976,6,0.4446,4.0448,0.0451,1.2993,-0.0120,0.9299
1976,7,0.4390,-1.0326,1.2111,0.8553,0.7289,1.6320
1976,8,0.4745,-0.6269,-2.1498,-0.6025,-0.0654,0.6131
1976,9,0.3924,2.1083,-0.2831,-1.4878,1.0691,0.9598
1976,10,0.4092,-2.4218,0.6695,-1.0970,0.3562,-0.5093
1976,11,0.4440,0.3156,3.3576,-0.3750,-0.6264,0.1123
1976,12,0.3579,5.7023,3.4038,1.7918,-1.0638,1.1250
1977,1,0.3594,-4.0235,5.9997,0.9971,-2.1647,1.6722
1977,2,0.3499,-1.9435,1.0954,0.1020,1.2448,0.4175
1977,3,0.3769,-1.3560,1.4808,-0.2406,0.3094,-0.4055
1977,4,0.4114,0.1138,1.3094,1.1632,0.3751,0.7813
1977,5,0.3855,-1.4850,1.4940,0.2327,1.7286,2.7010
1977,6,0.3716,4.7503,3.1132,-0.7133,2.3376,2.9453
1977,7,0.3873,-1.6606,0.9917,1.0568,1.6708,2.4563
1977,8,0.4993,-1.8151,-0.1864,-0.9315,1.5249,-0.0375
1977,9,0.4330,-0.2710,1.4985,-0.0952,1.4337,1.5191
1977,10,0.4943,-4.3881,1.4530,-0.6138,-1.0160,1.1841
1977,11,0.4959,4.0022,4.6254,1.2319,2.6075,1.4717
1977,12,0.4700,0.2860,1.4524,0.1325,1.3322,1.8403
1978,1,0.5374,-6.0493,2.3478,0.9362,-1.7987,0.1474
1978,2,0.4941,-1.4213,4.1249,1.3587,-0.0164,1.6251
1978,3,0.5017,2.8760,3.4143,2.4696,0.1699,0.1007
1978,4,0.5712,7.8338,-0.0919,-0.2997,5.7025,0.5916
1978,5,0.5317,1.7335,3.7413,0.8059,0.4763,0.7399
1978,6,0.5369,-1.6947,1.4475,0.4894,1.3488,1.1258
1978,7,0.5591,5.1112,0.3546,0.5255,1.6382,2.8224
1978,8,0.5550,3.7836,4.9095,1.5791,2.3328,0.4890
1978,9,0.5964,-1.4134,-0.8201,0.4559,-3.4056,-0.8337
1978,10,0.7498,-11.9857,-10.1773,-0.5860,-2.2845,0.9464
1978,11,0.7041,2.7162,4.1514,-0.8922,1.3327,1.4928
1978,12,0.7372,0.9253,0.9682,-1.7727,1.9522,2.5321
1979,1,0.7882,4.2064,4.0050,2.1830,-0.7575,-1.3510
1979,2,0.7324,-3.5644,0.3388,-0.1902,-2.2832,0.5462
1979,3,0.8928,5.5922,3.7265,1.3626,2.7658,0.6046
1979,4,0.8489,-0.1165,2.2938,1.0139,2.1609,-0.3043
1979,5,0.8161,-2.2048,0.6623,-0.0738,-0.8454,0.5309
1979,6,0.7858,3.8704,0.7630,-0.6392,-0.9884,-1.8159
1979,7,0.8410,0.7525,1.2732,0.7360,0.5049,-0.4671
1979,8,0.7506,5.5529,1.6573,-0.3294,2.9837,0.0275
1979,9,0.7732,-0.7518,0.0801,0.1078,0.7604,2.9881
1979,10,0.9621,-8.1808,-3.1750,0.0719,1.0355,1.6994
1979,11,0.9878,5.2281,2.1527,-2.3975,2.3523,-0.3378
1979,12,1.0209,1.7161,3.9587,-1.0321,1.1616,-0.1349
1980,1,0.7968,5.4961,0.6731,1.6028,1.7032,0.5241
1980,2,1.0654,-1.4015,-1.2646,1.7583,2.2340,3.5407
1980,3,1.2009,-12.9256,-6.6251,0.5387,-1.0959,-0.9160
1980,4,1.2865,3.9415,1.3279,1.3242,0.1608,1.5362
1980,5,0.7883,5.2892,1.4876,-1.3952,-0.9440,-0.8744
1980,6,0.6312,3.0423,1.4405,-0.8871,2.8322,0.7768
1980,7,0.5281,6.4929,3.6575,-2.1020,-0.3966,-3.2778
1980,8,0.5973,1.8437,4.5300,0.5729,2.5543,1.6394
1980,9,0.8698,2.0647,0.6944,-0.4566,5.2222,2.3826
1980,10,0.8912,1.1294,1.1049,0.4651,4.2600,2.7721
1980,11,0.8895,9.6608,-5.1065,-1.9994,9.0793,0.5946
1980,12,1.4149,-4.5848,1.0541,0.9317,-1.2551,0.0577
1981,1,0.9957,-5.0159,3.7875,2.4692,-4.9632,0.7177
1981,2,1.0685,0.5989,-0.1185,1.8212,0.7818,1.5538
1981,3,1.3157,3.5566,3.3770,-1.9665,-1.4738,-1.7164
1981,4,1.0756,-2.1756,4.2600,2.4379,1.3121,1.0818
1981,5,1.0646,0.2038,2.6188,-0.4472,-0.1298,1.7081
1981,6,1.5158,-2.5087,-0.6781,2.6865,0.0106,1.7152
1981,7,1.1915,-1.4862,-1.7880,-2.0179,3.0314,-0.5516
1981,8,1.2804,-7.0345,-1.3399,1.4655,0.6277,2.5028
1981,9,1.2794,-7.1815,-1.7659,3.1985,0.4489,3.9756
1981,10,1.1685,4.9373,1.8785,-1.0379,4.7942,-1.1902
1981,11,1.1030,3.3373,-1.2606,0.8873,0.8795,2.1410
1981,12,0.8738,-3.6362,1.2896,1.8221,-0.4944,1.3456
1982,1,0.7306,-3.1643,-0.3336,1.8318,-1.5757,0.6527
1982,2,0.9176,-5.8562,0.5558,4.6500,0.2608,2.9927
1982,3,1.1077,-1.9727,0.5876,1.8431,-1.7111,2.6198
1982,4,1.1290,3.2627,0.3834,1.2313,1.9487,0.5127
1982,5,0.9592,-3.8284,-0.4284,-0.5120,-0.4743,1.0689
1982,6,1.0710,-3.1812,0.9328,2.4065,-0.3263,3.2752
1982,7,1.0210,-3.1706,1.6717,2.0069,2.6424,3.8804
1982,8,0.8342,11.1308,-3.4445,-0.2213,-1.1231,-2.7613
1982,9,0.5118,1.3158,3.0012,0.8500,3.3738,3.4852
1982,10,0.5475,11.3401,0.9021,-0.9358,-0.7800,-0.6213
1982,11,0.7201,4.5825,4.4968,1.5672,3.3069,3.9666
1982,12,0.6289,0.6032,-0.7029,0.6502,-0.5434,0.0651
1983,1,0.6864,3.5958,2.3874,-0.4426,-2.1136,-1.7531
1983,2,0.6186,2.5859,3.6641,1.3075,2.9996,1.8825
1983,3,0.6326,2.8181,1.6899,2.9938,1.2433,2.0663
1983,4,0.6918,6.6954,-0.3746,2.2925,0.5919,2.3552
1983,5,0.7584,0.4507,6.1821,-1.4251,-3.6243,-3.7552
1983,6,0.6661,3.0756,1.9492,-1.0623,1.4859,2.6651
1983,7,0.6917,-4.0216,0.6322,2.8949,1.2589,3.0779
1983,8,0.8342,-0.5584,-4.8831,1.3166,-0.6845,0.3309
1983,9,0.7607,0.9041,0.3491,1.4397,3.2461,2.9618
1983,10,0.7433,-3.4241,-3.9749,2.7548,1.4441,3.7265
1983,11,0.7199,2.1424,2.1499,1.0872,-0.1496,-1.8036
1983,12,0.7039,-1.7548,-1.1277,1.3517,-1.5595,1.0984
1984,1,0.8083,-2.0203,-1.0874,2.4228,-3.7976,0.9209
1984,2,0.7328,-4.7794,-1.7700,0.8169,-0.7001,0.7692
1984,3,0.7280,0.6367,-0.2272,0.7466,-0.6839,1.3368
1984,4,0.8130,-0.5130,-1.0197,1.1474,2.1303,2.4263
1984,5,0.7898,-5.9883,-0.4180,-1.4918,1.7997,1.8579
1984,6,0.7534,1.8024,0.4383,-2.2259,1.7289,0.5008
1984,7,0.8755,-2.7918,-2.4299,-1.1415,3.5581,2.6742
1984,8,0.7963,10.3032,0.2199,-0.5519,0.9726,0.2312
1984,9,0.8293,-0.7671,-0.6217,2.6158,0.2704,1.2575
1984,10,0.9766,-0.8278,-1.3789,-0.1135,2.7240,1.6083
1984,11,0.7334,-1.7692,-1.0617,2.2339,0.8297,1.5981
1984,12,0.6923,1.7890,-0.4402,-0.7920,2.5363,1.1578
1985,1,0.6474,7.9623,3.4652,-3.5211,0.9806,-1.7216
1985,2,0.6033,1.1971,0.7520,1.0889,1.4552,2.1780
1985,3,0.6160,-0.8379,-1.9873,3.2834,0.9093,2.1470
1985,4,0.7565,-1.0036,-0.7600,1.4486,0.1898,1.8246
1985,5,0.6062,5.1208,-1.6952,-1.1163,3.2459,1.5210
1985,6,0.5546,1.2665,-0.5382,-0.1697,2.8263,1.7102
1985,7,0.6196,-0.7144,2.3594,-0.7196,-1.7567,1.3643
1985,8,0.5792,-1.0288,-0.1513,2.0283,0.4442,0.9897
1985,9,0.6049,-4.5469,-1.8255,1.9341,1.1396,1.7392
1985,10,0.6021,4.0545,-0.2646,0.2643,2.2068,2.8804
1985,11,0.6156,6.4435,-0.2308,-1.6646,1.7816,-0.8764
1985,12,0.6139,3.9153,0.2454,-1.4585,1.7003,-1.0174
1986,1,0.4865,0.7258,1.1175,-0.7186,1.6762,1.7891
1986,2,0.5296,7.1299,-0.4373,-1.3714,2.2295,0.7383
1986,3,0.5963,4.9023,0.5308,1.2182,1.9308,1.5612
1986,4,0.5341,-1.2950,1.1052,-1.5420,0.6013,0.0294
1986,5,0.4934,4.6170,-1.1761,1.3420,3.3508,1.0182
1986,6,0.5246,1.0571,-0.2584,1.7680,5.2983,0.7829
1986,7,0.5011,-6.4177,-2.6525,1.4408,3.1700,2.8640
1986,8,0.4614,6.0658,-4.4493,3.0318,-2.7407,1.6736
1986,9,0.4783,-8.6128,0.6418,3.2291,-3.9492,-0.3274
1986,10,0.4209,4.6839,-1.7327,0.5790,1.4977,0.6016
1986,11,0.3924,1.1563,-1.9259,0.5031,1.2091,3.7657
1986,12,0.4767,-3.2462,0.8602,1.0893,1.8947,1.6562
1987,1,0.4151,12.4417,-1.2465,-1.2760,0.9752,2.9234
1987,2,0.4309,4.3752,3.3787,-1.9190,2.1121,-0.5652
1987,3,0.5012,1.6024,-0.6586,4.2202,-1.1231,1.3167
1987,4,0.4285,-2.0764,-2.4963,0.3706,-1.3747,0.6539
1987,5,0.3760,0.1079,-1.2283,-0.1182,-2.3378,-0.2275
1987,6,0.5031,3.8869,-1.5514,1.4206,1.4749,-0.2308
1987,7,0.4058,3.8845,-2.0784,0.1112,-1.8163,-0.6497
1987,8,0.4744,3.5198,-0.1942,-0.2341,3.7974,2.5583
1987,9,0.4820,-2.6141,0.6182,1.9144,0.5857,1.8455
1987,10,0.6040,-23.2228,-7.3589,3.2368,0.2133,2.5963
1987,11,0.3366,-7.7555,3.3010,0.5775,-0.6668,0.8821
1987,12,0.2988,6.9111,0.2418,-2.4387,3.8871,1.7017
1988,1,0.2762,4.2331,-0.7504,1.3240,-4.0742,-1.7610
1988,2,0.4564,4.7738,3.4973,-0.6194,1.0440,-0.5421
1988,3,0.4402,-2.2590,5.7123,1.6750,-2.1576,-2.0292
1988,4,0.4577,0.5658,0.9163,2.1363,0.6470,0.9078
1988,5,0.5051,-0.2741,-1.2196,0.4709,-0.1748,1.3040
1988,6,0.4832,4.7865,2.7723,-3.2492,2.2274,1.8308
1988,7,0.5060,-1.2426,0.2238,1.1197,-1.1424,0.0374
1988,8,0.5957,-3.3051,0.0373,1.6730,-2.1646,-0.1991
1988,9,0.6145,3.3003,-1.4669,-0.4307,2.1612,0.8217
1988,10,0.6074,1.1586,-2.8158,0.5003,0.0540,0.6671
1988,11,0.5742,-2.2822,-1.9344,1.3896,-0.4932,0.3762
1988,12,0.6306,1.4851,2.4211,0.4546,0.7842,0.5146
1989,1,0.5766,6.0459,-2.2104,0.0128,-0.3453,1.5589
1989,2,0.6110,-2.2367,2.9040,1.6398,-0.3848,-0.1581
1989,3,0.6213,1.6171,1.3300,1.2741,-0.1489,0.7384
1989,4,0.6810,4.3132,-0.9465,-0.2782,1.1647,-0.2741
1989,5,0.8006,3.3229,0.0401,0.0968,1.2125,0.3677
1989,6,0.7147,-1.3800,-0.7261,1.6069,-0.1648,-0.9566
1989,7,0.7040,7.1728,-3.4690,-0.4497,4.9025,2.4737
1989,8,0.6684,1.4991,0.4967,-0.3980,1.6888,0.1627
1989,9,0.6387,-0.7541,0.7566,1.1966,1.6340,1.9131
1989,10,0.6820,-3.6689,-3.3547,1.2995,1.4138,2.3385
1989,11,0.6340,1.0840,-1.3416,1.6439,0.2395,-0.6515
1989,12,0.5941,1.1797,-1.9494,1.5769,1.0694,2.4171
1990,1,0.5852,-7.8173,-1.2188,0.9230,0.0376,-0.2250
1990,2,0.5818,1.1036,1.1767,-1.0981,-0.3986,0.0933
1990,3,0.6380,1.8301,1.2246,-0.3661,2.2961,1.6929
1990,4,0.6829,-3.3534,-0.4975,-0.7911,1.9791,0.6202
1990,5,0.6404,8.4667,-1.6453,-0.8545,3.7395,2.6256
1990,6,0.5898,-1.0553,1.8456,0.2445,2.2296,-0.2710
1990,7,0.6704,-1.8930,-2.4685,4.0156,2.5585,-0.0064
1990,8,0.6154,-10.0842,-4.5263,3.7146,-0.9983,1.2761
1990,9,0.5984,-6.1169,-3.4133,2.6112,-0.4459,2.7355
1990,10,0.6559,-1.8990,-5.0474,0.2614,2.0708,3.0513
1990,11,0.5651,6.3525,0.4609,-3.9788,1.5403,-0.8035
1990,12,0.5989,2.4627,1.3161,-1.9547,3.8594,1.4740
1991,1,0.4637,4.7426,3.3660,-3.9603,0.1568,1.5893
1991,2,0.4767,7.1926,3.6296,0.1543,-1.2377,-0.6690
1991,3,0.4391,2.6635,3.9284,-0.9243,1.6805,0.0357
1991,4,0.5335,-0.2809,-0.7115,0.4611,1.4025,0.6155
1991,5,0.4461,3.6844,-0.5862,-1.9653,-0.7267,-1.0449
1991,6,0.4171,-4.9422,0.0597,0.6085,1.3735,0.4771
1991,7,0.4840,4.2432,-0.5409,-0.6417,3.0551,0.3917
1991,8,0.4610,2.3189,1.2917,-0.0331,1.1640,-0.2441
1991,9,0.4558,-1.5891,1.8130,-0.8260,-0.3632,0.1958
1991,10,0.4246,1.2885,0.5467,1.3525,-0.0458,3.2045
1991,11,0.3915,-4.1974,-0.2757,0.3008,3.3017,0.3430
1991,12,0.3792,10.8467,-1.4884,-2.0274,6.7681,-0.4707
1992,1,0.3059,-0.5540,8.3472,1.5012,-4.0638,1.5352
1992,2,0.2828,1.0835,1.4015,2.2643,0.7481,2.2073
1992,3,0.3376,-2.6562,-1.1974,2.0130,1.0079,2.0121
1992,4,0.3303,1.0815,-6.9484,1.8091,-1.7003,2.0080
1992,5,0.2758,0.3001,-0.2622,0.2976,-0.2082,-0.7542
1992,6,0.3201,-2.3280,-2.6346,0.6421,1.0551,0.7790
1992,7,0.2892,3.7948,-0.8436,0.3936,2.5507,-0.0224
1992,8,0.2605,-2.3802,-0.3003,-0.7756,1.5182,-0.8690
1992,9,0.2573,1.1941,0.6784,-0.3973,2.3989,-0.8277
1992,10,0.2286,1.0172,1.5546,-0.3581,2.1276,0.6099
1992,11,0.2346,4.1337,3.6823,-1.1718,0.9394,-0.1345
1992,12,0.2270,1.5895,2.7418,1.4049,1.8236,1.0373
1993,1,0.2335,0.9300,2.3215,2.9831,-1.4457,0.0603
1993,2,0.2209,0.1242,-3.3149,3.6548,-1.4702,2.1426
1993,3,0.2538,2.3149,-0.0149,0.9290,1.7880,0.5649
1993,4,0.2372,-3.0464,-1.1429,1.2020,-3.0670,1.9945
1993,5,0.2168,2.8881,1.7974,-0.8419,-0.5588,-0.2747
1993,6,0.2756,0.2850,1.5772,1.8271,3.0041,1.4776
1993,7,0.2402,-0.3435,1.3865,1.4546,-0.5463,0.8636
1993,8,0.2530,3.7197,-0.0299,-0.0543,0.4545,0.7699
1993,9,0.2356,-0.1014,3.1214,0.2750,0.9292,1.3905
1993,10,0.2210,1.4185,0.4192,-0.5679,-1.4094,-1.4171
1993,11,0.2477,-1.8664,-1.8591,-0.7537,-0.7099,0.1391
1993,12,0.2263,1.6457,2.1165,-0.2506,2.3820,2.2753
1994,1,0.2503,2.8701,0.1580,1.1290,-0.9212,0.9313
1994,2,0.2120,-2.5471,2.6611,-0.4707,2.6649,1.5942
1994,3,0.2469,-4.7730,-0.9350,0.9981,0.1938,1.3657
1994,4,0.2711,0.6823,-0.8206,1.2717,1.5271,1.5135
1994,5,0.3150,0.5835,-1.9865,0.5112,-0.7549,1.4247
1994,6,0.3118,-3.0405,-0.8409,0.9219,0.1928,1.3292
1994,7,0.2751,2.8175,-1.4346,0.4255,0.7153,-0.0849
1994,8,0.3687,4.0213,2.0831,-0.6856,2.0699,2.6926
1994,9,0.3659,-2.2825,2.2063,0.5878,1.0909,0.9745
1994,10,0.3840,1.3475,-1.8208,0.1610,0.3556,2.4472
1994,11,0.3691,-4.0299,0.5385,-1.0037,1.3704,1.4424
1994,12,0.4430,0.8612,1.1758,1.2916,3.9830,3.7207
1995,1,0.4156,1.7951,-2.4326,0.0005,-0.0580,1.1175
1995,2,0.3983,3.6356,-0.7002,-0.8409,0.5139,1.2112
1995,3,0.4134,2.2397,-1.2059,0.1711,1.2539,0.7591
1995,4,0.4450,2.1088,-0.0048,0.0051,0.1381,3.4528
1995,5,0.5355,2.8984,-2.2107,0.8565,-1.0113,1.4601
1995,6,0.4714,2.7173,3.2155,-1.7413,2.1342,1.8182
1995,7,0.4522,3.7146,1.7627,-2.5434,0.9424,0.3155
1995,8,0.4637,0.5534,2.3542,2.1972,0.1416,1.2923
1995,9,0.4309,3.3558,-0.7961,1.9384,1.3914,3.1290
1995,10,0.4714,-1.5138,-5.0265,0.7796,2.7822,4.4627
1995,11,0.4108,3.9673,-0.7629,1.1281,-0.2406,-1.2670
1995,12,0.4882,1.0392,0.6348,3.1223,0.2754,0.3903
1996,1,0.4278,2.2577,-2.6867,2.4535,-1.5105,1.4020
1996,2,0.3908,1.3262,2.7424,-0.9883,3.1398,0.7484
1996,3,0.3943,0.7256,1.8570,-0.7135,0.2496,-1.3355
1996,4,0.4579,2.0656,5.1847,-1.8058,2.8669,1.1733
1996,5,0.3982,2.3892,4.4612,1.0228,1.8678,-1.4309
1996,6,0.4000,-1.1337,-4.3001,1.7396,0.8662,1.6989
1996,7,0.4497,-5.9573,-3.3571,2.0178,2.4154,2.9384
1996,8,0.4122,2.7681,2.4832,-1.8525,0.1335,-1.3692
1996,9,0.4375,5.0095,-1.4492,-1.7440,2.2062,2.9265
1996,10,0.4246,0.8691,-2.4219,3.6649,1.8816,3.2194
1996,11,0.3941,6.2645,-3.5371,-1.3069,0.8199,5.3919
1996,12,0.4404,-1.6791,3.3253,1.2250,0.9375,1.7550
1997,1,0.4014,5.0166,-0.7944,-0.6472,1.8135,2.5644
1997,2,0.3788,-0.4761,-2.4713,2.9058,-1.5285,0.6441
1997,3,0.4310,-5.0283,-0.5215,1.7476,1.7735,0.2040
1997,4,0.4313,4.0380,-4.7296,-1.8787,3.8627,2.9960
1997,5,0.4263,6.7983,5.0201,-3.2303,-0.2212,-1.4950
1997,6,0.3744,4.0872,1.0326,0.2331,2.1033,0.1002
1997,7,0.4294,7.3170,-1.4165,-3.0432,1.2832,1.2800
1997,8,0.4058,-4.0964,7.4947,-0.6987,-1.4130,0.4497
1997,9,0.4576,5.3280,2.4383,-0.1302,-1.0486,-2.6190
1997,10,0.3911,-3.7645,-1.0809,2.6441,-1.0661,-1.4297
1997,11,0.3773,2.9996,-5.5259,2.8822,1.3996,3.6689
1997,12,0.4629,1.3482,-2.2080,2.2149,1.5968,-2.4334
1998,1,0.4204,0.1522,-1.2217,-1.2083,2.1792,2.5946
1998,2,0.3847,7.0349,1.0647,-2.4542,1.1318,-0.3065
1998,3,0.4485,4.7057,-0.3139,0.4631,-0.1347,-1.1113
1998,4,0.4308,0.7304,0.4892,0.1947,-0.1869,2.2992
1998,5,0.3805,-3.0422,-2.6276,2.2286,1.7728,1.0600
1998,6,0.4021,3.1865,-3.2597,-1.5542,3.1623,0.4126
1998,7,0.3873,-2.4092,-5.7066,1.8809,0.9699,2.8068
1998,8,0.4012,-16.0323,-6.1855,5.4540,3.0571,6.7072
1998,9,0.3875,6.2599,-2.0659,-3.0881,-1.8233,1.2870
1998,10,0.3353,6.9746,-2.1672,-0.9587,0.6464,-0.5075
1998,11,0.3233,6.0509,0.8948,-0.0212,1.3701,1.2968
1998,12,0.3779,6.1324,-1.8743,-2.9347,2.9232,-2.2561
1999,1,0.3494,3.4923,-1.8920,-4.4721,-3.2521,-1.0719
1999,2,0.3372,-4.0612,-4.2277,4.8096,0.0164,0.0067
1999,3,0.4076,3.4917,-5.5798,0.3041,-0.6977,0.4114
1999,4,0.3784,4.3257,3.9741,2.6762,-5.1427,0.4645
1999,5,0.3463,-2.4602,4.9476,0.4500,0.6815,1.8823
1999,6,0.4098,4.7498,3.1517,-2.1117,2.3978,4.3410
1999,7,0.3658,-3.4793,2.2651,3.4321,1.0275,1.9798
1999,8,0.3876,-1.3702,-1.5480,-1.2025,-0.0282,4.6324
1999,9,0.3705,-2.7581,1.7312,-1.3804,-0.1655,-1.0397
1999,10,0.3581,6.1194,-5.6487,0.3330,2.0337,1.7896
1999,11,0.3811,3.3597,5.7529,-3.9321,-3.0025,1.1736
1999,12,0.3764,7.7511,4.1774,-5.4878,-5.4443,-0.5785
2000,1,0.4343,-4.7602,5.6161,2.9360,-4.9996,0.6386
2000,2,0.4295,2.4535,22.1486,-5.3981,-7.5511,-3.1092
2000,3,0.4377,5.2344,-14.4115,1.8387,7.6729,3.5637
2000,4,0.4595,-6.3808,-4.8601,3.7864,8.7080,5.0953
2000,5,0.4782,-4.3687,-4.5975,0.5031,0.0211,3.7098
2000,6,0.3744,4.6539,10.2595,-3.3835,-4.7900,-1.7252
2000,7,0.4772,-2.4219,0.9798,2.2532,3.4510,3.2454
2000,8,0.5002,7.0288,0.4542,-0.8053,-2.0812,-1.0175
2000,9,0.5093,-5.4340,1.5789,5.2241,2.0882,0.7368
2000,10,0.5217,-2.7365,-2.2230,2.9158,7.3325,6.5426
2000,11,0.4966,-10.6880,1.5417,7.4416,10.3676,10.9032
2000,12,0.4909,1.1979,4.6817,6.3547,5.1895,0.4939
2001,1,0.5243,3.2561,2.7248,-7.1267,-10.7882,-6.1002
2001,2,0.3653,-10.0224,2.8894,9.2245,5.1507,6.3573
2001,3,0.4320,-7.2675,2.9498,3.7502,3.4513,2.6761
2001,4,0.3864,7.9392,-0.9187,-3.7545,0.0766,-5.3427
2001,5,0.3183,0.6857,4.3552,2.3808,-2.5432,-0.1607
2001,6,0.2778,-1.9314,6.7187,-1.8003,-0.7891,1.9879
2001,7,0.2999,-2.1313,-2.1266,1.3600,3.9596,5.6378
2001,8,0.2996,-6.3905,2.3700,5.6561,4.2861,5.7133
2001,9,0.2730,-9.2295,-4.9187,2.8629,9.1792,5.7397
2001,10,0.2154,2.4856,3.4927,-2.9806,-4.3725,-0.5966
2001,11,0.1749,7.5291,-1.3914,-1.1339,-8.4934,-2.8890
2001,12,0.1484,1.6083,5.3193,-0.1660,0.5409,-2.0669
2002,1,0.1390,-1.4332,0.7336,3.2309,0.3093,4.2345
2002,2,0.1285,-2.2890,-0.4952,4.4422,5.3222,3.7609
2002,3,0.1341,4.2386,4.6118,0.7844,-4.7008,-0.4851
2002,4,0.1546,-5.2087,7.5917,4.0822,5.4680,4.0791
2002,5,0.1442,-1.3580,-3.1755,2.1984,1.8193,0.6142
2002,6,0.1312,-7.2296,3.8564,3.1216,5.3716,1.5255
2002,7,0.1507,-8.1937,-6.3852,1.9831,6.7066,4.8828
2002,8,0.1402,0.4948,-0.0091,-0.8717,2.5380,-1.7200
2002,9,0.1414,-10.3359,3.1165,-2.1398,4.4475,1.0694
2002,10,0.1334,7.8395,-5.1312,0.2814,-4.5820,1.5181
2002,11,0.1166,5.9564,1.4925,3.2701,-11.1802,-3.1065
2002,12,0.1079,-5.7536,0.0714,-2.2709,5.3143,2.2706
2003,1,0.0934,-2.5672,-0.9933,0.7019,-0.6197,0.8168
2003,2,0.0871,-1.8823,-2.0004,-0.1274,0.9057,1.4001
2003,3,0.1020,1.0907,1.3758,-0.1677,3.3637,-0.9015
2003,4,0.0939,8.1870,2.3445,1.0376,-4.4714,-2.9337
2003,5,0.0903,6.0503,3.7845,1.8477,-8.2984,-1.6186
2003,6,0.0984,1.4211,2.2086,-1.0800,1.0740,-0.1021
2003,7,0.0674,2.3324,4.3709,2.3009,-1.7611,-0.8676
2003,8,0.0689,2.3292,2.2334,2.3462,-1.2428,-1.6772
2003,9,0.0865,-1.2403,0.7023,0.2267,1.2832,2.3362
2003,10,0.0700,6.0784,3.0478,1.0118,-1.7311,-0.5457
2003,11,0.0725,1.3484,2.1906,2.3260,0.7800,0.4776
2003,12,0.0831,4.2871,-2.7930,0.7922,-1.7557,-1.3792
2004,1,0.0696,2.1523,3.1242,2.0467,-2.4195,0.8519
2004,2,0.0623,1.3998,-0.3090,-0.8838,2.1379,-0.0168
2004,3,0.0844,-1.3168,2.5188,-0.7363,1.7547,-1.1077
2004,4,0.0795,-1.8106,-3.2228,-2.8967,0.0120,1.4229
2004,5,0.0603,1.1766,-0.3812,0.5536,1.0779,-0.2148
2004,6,0.0817,1.8615,2.2460,-0.2711,0.5690,0.6147
2004,7,0.0919,-4.0394,-3.3287,-1.0111,2.4167,3.0621
2004,8,0.1116,0.0742,-1.5501,-1.1569,-1.1833,0.2656
2004,9,0.1185,1.5924,3.7731,-2.2222,-0.2324,-1.5885
2004,10,0.1129,1.4231,-0.7705,0.5653,-1.4276,-0.0264
2004,11,0.1541,4.5276,4.4887,-0.4283,-1.1411,-1.7034
2004,12,0.1672,3.4200,-0.0417,0.3105,-0.8656,-1.1137
2005,1,0.1661,-2.7556,-0.3914,-0.4076,3.2402,1.2860
2005,2,0.1641,1.8846,0.1336,0.3049,3.5996,0.6441
2005,3,0.2123,-1.9359,-1.7912,0.8315,0.5016,1.8939
2005,4,0.2072,-2.6079,-4.4765,-1.4706,-1.1183,2.1657
2005,5,0.2395,3.6540,2.9625,-0.0538,0.9701,0.3479
2005,6,0.2263,0.5707,3.8057,-0.1946,-0.4296,-0.4080
2005,7,0.2383,3.9145,2.7355,-2.0809,-0.2117,-0.3680
2005,8,0.2920,-1.1922,-0.7965,0.2254,-0.6564,-0.6127
2005,9,0.2848,0.4864,0.0024,-0.0318,0.8692,0.2161
2005,10,0.2728,-2.0417,-0.5072,-0.3089,1.1008,-0.5477
2005,11,0.3045,3.6213,1.2128,-1.0548,0.7887,-0.5496
2005,12,0.3160,-0.2440,-0.0336,0.8829,0.2308,0.9393
2006,1,0.3488,3.0364,6.4412,-0.6811,-0.2527,0.8046
2006,2,0.3322,-0.2918,-0.3949,2.4387,-0.9883,-1.0234
2006,3,0.3642,1.4637,3.1259,-1.3482,0.7903,-0.8279
2006,4,0.3559,0.7350,-0.3075,0.3481,0.8311,-0.1268
2006,5,0.4195,-3.5483,-3.5220,1.3261,-0.0980,-1.6219
2006,6,0.3970,-0.3475,-0.3437,-0.4073,1.0618,0.6089
2006,7,0.3976,-0.7738,-3.1623,1.3465,0.5434,3.2110
2006,8,0.4283,2.0220,0.4339,1.9290,-1.3338,-0.1542
2006,9,0.4047,1.8461,-0.9689,0.9834,0.6329,0.9530
2006,10,0.4076,3.2215,1.9714,0.2054,-0.3028,0.4098
2006,11,0.4243,1.7014,0.3913,-1.5981,0.5057,-0.8995
2006,12,0.4036,0.8630,-0.0019,1.8274,-0.5631,-1.2415
2007,1,0.4328,1.3949,-0.1010,0.6237,0.0536,0.1048
2007,2,0.3837,-1.9607,1.4297,-0.9771,-0.7301,-0.0579
2007,3,0.4257,0.6929,-0.1795,-1.1848,0.4399,-0.2698
2007,4,0.4348,3.4842,-1.7382,0.8533,0.5383,1.1217
2007,5,0.4046,3.2434,-0.2380,-2.3148,0.5258,0.1400
2007,6,0.3918,-1.9497,0.5430,0.9553,1.2147,-0.6083
2007,7,0.3962,-3.7143,-3.0432,-2.2527,1.5430,0.0519
2007,8,0.4205,0.9202,-0.8176,-1.3186,0.9308,0.4928
2007,9,0.3347,3.2041,-2.4118,-3.1964,1.6171,-0.4698
2007,10,0.3212,1.7998,0.3863,0.4416,1.2068,0.3707
2007,11,0.3395,-4.8025,-3.0159,0.1740,3.5988,1.4250
2007,12,0.2921,-0.8829,0.6446,-0.6079,2.3188,1.0562
2008,1,0.2430,-6.3699,-0.7319,1.3925,-0.3337,-0.8157
2008,2,0.1325,-3.0868,-0.8821,-1.5122,1.8134,1.3718
2008,3,0.1869,-0.9523,0.5808,-0.3567,2.3746,-0.0537
2008,4,0.1025,4.6769,-0.9303,-2.3200,-0.8155,3.3855
2008,5,0.0946,1.9396,2.5272,-0.3443,-0.3495,0.0259
2008,6,0.1750,-8.4400,1.8799,-0.1897,6.3747,1.0481
2008,7,0.1440,-0.7551,5.9951,1.8017,-0.0194,-0.0446
2008,8,0.1282,1.5223,1.8614,0.9440,-0.9260,2.0571
2008,9,0.1530,-9.3404,0.6621,3.1593,1.6436,3.4547
2008,10,0.0792,-17.1775,-3.4792,1.0333,5.8735,6.7408
2008,11,0.0228,-7.7442,-5.2289,0.5041,3.5069,2.2239
2008,12,0.0029,1.7508,3.5708,-2.3427,-0.6264,-0.8097
2009,1,0.0023,-8.0682,-2.9344,-0.9322,-0.7328,2.4973
2009,2,0.0147,-10.1270,-1.5678,-1.8787,2.9446,3.0636
2009,3,0.0159,9.0079,0.9887,-0.3946,-3.3995,0.0910
2009,4,0.0125,10.1695,7.3495,3.5266,-13.9833,-1.8809
2009,5,0.0017,5.2087,-1.3420,-2.4092,-3.2899,-0.5783
2009,6,0.0075,0.4270,3.7771,0.4872,0.9554,2.5944
2009,7,0.0119,7.7195,1.6722,2.0169,-4.9523,-1.0481
2009,8,0.0116,3.3328,0.8690,2.2928,-2.5825,-1.5543
2009,9,0.0079,4.0791,2.4760,-1.1342,-2.7943,-2.6386
2009,10,0.0040,-2.5554,-4.6232,-0.2540,3.9348,3.0258
2009,11,0.0004,5.5718,-2.3885,-0.3350,1.0155,-0.3222
2009,12,0.0062,2.7453,4.8385,-0.1364,-1.8535,-0.1430
2010,1,0.0028,-3.3530,0.3846,0.6664,-1.0690,-0.6833
2010,2,0.0010,3.3909,1.5058,0.7017,-1.0388,-0.5149
2010,3,0.0068,6.3085,2.0293,1.6210,-0.5094,-1.6972
2010,4,0.0111,1.9978,3.9013,3.0635,-2.4868,-2.3502
2010,5,0.0112,-7.8997,0.0580,-0.4787,2.7340,1.7442
2010,6,0.0127,-5.5587,-2.3814,-2.4951,1.3455,1.9131
2010,7,0.0142,6.9120,0.4820,1.2142,-0.8665,0.3743
2010,8,0.0126,-4.7783,-3.6701,-1.7270,-0.5111,-0.7084
2010,9,0.0125,9.5435,3.9603,1.1407,0.5091,0.0715
2010,10,0.0112,3.8726,0.6951,-0.0226,0.6476,0.4599
2010,11,0.0114,0.5915,3.6483,1.8654,-0.0799,-0.6123
2010,12,0.0140,6.8151,0.4550,3.0155,-3.6809,-2.2407
2011,1,0.0066,1.9865,-1.9941,1.2924,0.5305,-1.3149
2011,2,0.0122,3.4852,1.3823,1.4413,-1.6484,-0.8414
2011,3,0.0067,0.4555,1.8526,-0.1316,-0.9562,0.2928
2011,4,0.0053,2.8944,-0.8829,-0.9810,1.5918,1.1200
2011,5,0.0013,-1.2665,-0.8611,-1.0355,0.1321,1.3840
2011,6,0.0035,-1.7394,0.4595,-1.1501,2.8145,0.9997
2011,7,-0.0028,-2.3525,-1.7800,-2.0426,0.7486,0.6570
2011,8,0.0083,-5.9724,-3.7404,-1.3165,2.5924,2.7252
2011,9,-0.0001,-7.5730,-4.7686,0.0812,-0.7630,4.9020
2011,10,0.0014,11.3384,5.1850,-0.5846,2.1393,-1.7174
2011,11,0.0004,-0.2763,-1.1407,1.5275,0.5822,1.1520
2011,12,0.0000,0.7423,0.1319,2.6642,1.1419,-0.5355
2012,1,-0.0002,5.0530,2.7805,-0.5736,-0.6327,-1.3125
2012,2,0.0031,4.4201,-0.6723,0.0767,0.2923,0.0185
2012,3,0.0046,3.1120,0.7277,1.4295,1.6839,1.7561
2012,4,0.0029,-0.8421,-1.1046,0.8642,1.0126,-0.3880
2012,5,0.0065,-6.1743,-0.8805,2.6815,1.6065,2.3606
2012,6,0.0022,3.8968,1.4924,1.0249,-1.7650,0.3581
2012,7,0.0032,0.7884,-3.0841,0.5076,1.5192,0.9703
2012,8,0.0050,2.5484,1.4222,-1.4677,-0.5059,-0.4105
2012,9,0.0067,2.7338,1.1646,1.2058,0.1968,-0.7145
2012,10,0.0037,-1.7546,0.2285,1.8518,0.4685,-3.7290
2012,11,0.0085,0.7810,0.3729,0.8024,1.7299,0.1913
2012,12,0.0103,1.1758,2.4318,-0.8475,-1.9772,-2.6264
2013,1,0.0022,5.5708,0.1956,1.5620,-2.0306,-1.6658
2013,2,0.0054,1.2862,-0.6211,0.7311,0.0655,0.4425
2013,3,0.0041,4.0349,1.0686,1.2991,0.4994,-1.1528
2013,4,0.0037,1.5552,-2.8670,0.1005,-1.0526,-0.2369
2013,5,0.0012,2.8035,3.5070,-1.6782,-0.4406,-1.4146
2013,6,0.0013,-1.1917,0.7581,0.7131,-0.1158,0.5731
2013,7,0.0009,5.6446,2.1013,0.6409,-0.4689,-1.1249
2013,8,0.0009,-2.7080,-0.2085,-1.7919,0.5750,0.1671
2013,9,0.0008,3.7668,2.4516,-0.7387,-0.9721,-1.0151
2013,10,0.0017,4.1734,-1.6201,1.1647,1.3375,0.7878
2013,11,0.0032,3.1255,1.9298,0.0110,1.5528,1.2500
2013,12,0.0023,2.8079,-0.4391,0.7419,-0.1729,-1.7694
2014,1,0.0012,-3.3202,0.3310,-0.2922,-2.3105,0.3515
2014,2,0.0045,4.6552,-0.3084,-0.6282,-1.4705,0.0213
2014,3,0.0028,0.4319,-0.1775,2.6875,1.7851,1.5695
2014,4,0.0015,-0.1878,-4.6870,0.8015,1.0750,0.6639
2014,5,0.0008,2.0635,-2.0378,-0.9399,-0.6557,0.3943
2014,6,0.0020,2.6086,2.2083,-2.7131,-2.6673,0.1548
2014,7,0.0013,-2.0392,-3.5695,0.6943,1.2148,1.1853
2014,8,0.0003,4.2376,0.4378,-0.9097,0.1245,0.2346
2014,9,0.0004,-1.9697,-3.1016,-0.3213,3.0707,2.1842
2014,10,0.0012,2.5152,3.6681,0.4868,1.7362,-0.1437
2014,11,-0.0001,2.5512,-1.9629,0.3141,2.5639,0.4458
2014,12,0.0005,-0.0587,2.7892,0.4588,-0.6427,0.3790
2015,1,0.0013,-3.1030,-1.5435,-1.1000,-0.3418,1.4059
2015,2,-0.0021,6.1309,0.7892,-1.3911,0.0890,-0.9053
2015,3,-0.0008,-1.1024,2.8484,-0.3041,0.8800,-0.0203
2015,4,0.0029,0.5900,-3.8073,-0.7936,-2.2153,-0.2129
2015,5,-0.0005,1.3628,1.7357,-0.5991,1.4149,0.3114
2015,6,0.0004,-1.5281,2.8762,-2.4312,1.1837,-0.6150
2015,7,-0.0037,1.5488,-4.0821,-2.7220,4.3656,2.6470
2015,8,0.0027,-6.0320,0.5179,1.1498,0.7430,0.2363
2015,9,-0.0006,-3.0668,-3.3831,0.3107,4.2819,3.5044
2015,10,-0.0027,7.7498,-2.7388,0.6122,-2.3532,0.9711
2015,11,0.0020,0.5659,3.4664,-0.5470,-1.7052,0.5117
2015,12,0.0103,-2.1661,-2.0964,0.3216,2.9512,3.3613
2016,1,0.0037,-5.7520,-2.8163,2.7798,5.3173,4.7377
2016,2,0.0205,-0.0671,0.4769,1.7331,2.0394,-0.0865
2016,3,0.0190,6.9571,1.0277,-0.6850,-2.1125,-2.7358
2016,4,0.0051,0.9144,0.1074,1.2913,-7.2343,-5.1863
2016,5,0.0115,1.7755,-0.4878,-2.2822,0.9138,2.2509
2016,6,0.0188,-0.0412,-0.3732,0.5442,0.3272,-0.8225
2016,7,0.0171,3.9537,2.3355,-2.2025,-0.5305,2.2580
2016,8,0.0165,0.4970,0.9755,-0.2328,-2.3916,-0.3708
2016,9,0.0219,0.2630,1.0165,0.2090,-3.0778,-0.9244
2016,10,0.0168,-2.0227,-3.4279,0.8709,3.0128,2.0365
2016,11,0.0136,4.8691,6.5624,3.0098,-0.9449,-2.5094
2016,12,0.0239,1.8155,0.6328,-0.2466,1.5350,1.1413
2017,1,0.0358,1.9361,-1.8672,-2.0260,-1.3121,-0.1008
2017,2,0.0364,3.5585,-1.6774,-2.2468,2.0018,2.3270
2017,3,0.0353,0.1669,1.2560,-1.2915,1.9012,1.1528
2017,4,0.0537,1.0876,0.5998,-1.5679,1.0143,1.6392
2017,5,0.0614,1.0635,-2.5731,-1.5601,1.3177,2.6326
2017,6,0.0617,0.7956,3.0551,-0.5386,-1.3088,-1.8833
2017,7,0.0722,1.8680,-1.1270,-0.4278,1.5346,1.0318
2017,8,0.0827,0.1625,-1.4586,-2.8819,0.3940,1.5164
2017,9,0.0944,2.5071,4.9152,3.1463,0.4301,-1.7488
2017,10,0.0840,2.2496,-1.3352,-3.3015,1.3861,2.8913
2017,11,0.0826,3.1240,0.2181,-0.4912,1.8802,1.2171
2017,12,0.0884,1.0540,-0.9179,1.7444,0.3460,-1.0877
2018,1,0.1121,5.5779,-2.7627,-1.2911,-1.2949,2.6156
2018,2,0.1073,-3.6428,0.1870,-1.6993,-0.7819,4.4924
2018,3,0.0261,-2.2563,2.8030,-0.1096,0.1504,0.5295
2018,4,0.1433,0.2827,0.2872,1.5876,-0.0186,-0.8307
2018,5,0.1401,2.6479,4.9579,-0.9549,-1.7658,2.2965
2018,6,0.1408,0.4881,0.6060,-0.3940,1.4006,0.0476
2018,7,0.1558,3.1989,-1.3335,0.5141,2.0191,1.3390
2018,8,0.1575,3.4484,1.4855,-2.4126,0.3745,4.3544
2018,9,0.1490,0.0588,-3.1032,1.4604,0.7209,1.0512
2018,10,0.1890,-7.6484,-4.7866,4.2336,1.3399,-0.7582
2018,11,0.1795,1.7075,-0.8440,-0.8959,0.6434,2.7452
2018,12,0.1930,-9.5461,-3.0447,-0.8531,1.2755,2.4976
2019,1,0.1920,8.4125,2.1083,-1.0742,-3.8892,-7.0838
2019,2,0.1809,3.3988,1.2357,-2.6768,0.5990,1.4067
2019,3,0.1935,1.1014,-3.4396,-0.5084,0.1211,0.6604
2019,4,0.2125,3.9620,-0.1935,-2.5036,1.9577,1.1019
2019,5,0.1983,-6.9345,-1.9010,1.5064,0.6416,0.1153
2019,6,0.1853,6.9293,-0.4222,-0.2816,-0.1366,-0.2372
2019,7,0.1783,1.2207,-1.6149,0.1820,0.5269,1.2383
2019,8,0.1908,-2.5993,-4.2275,-1.0153,1.8743,1.4681
2019,9,0.1787,1.4289,1.4331,2.9508,1.7227,-1.6981
2019,10,0.1531,2.0657,0.8015,-0.6285,0.8466,1.8732
2019,11,0.1197,3.8692,-0.0016,-1.0231,-1.3005,-0.5181
2019,12,0.1431,2.7645,1.2750,1.7712,-1.2537,-0.4901
2020,1,0.1164,-0.0944,-4.7658,-2.4244,-0.4259,2.3501
2020,2,0.1208,-8.1453,-1.3377,-2.1636,-0.5023,1.4401
2020,3,0.1268,-13.3847,-8.4221,2.0838,5.8312,11.9175
2020,4,0.0003,13.5966,3.3737,-0.1738,-1.9531,-3.0463
2020,5,0.0059,5.5913,2.4999,-3.6767,-0.5816,0.6448
2020,6,0.0111,2.4584,2.2965,0.2707,1.1699,1.7451
2020,7,0.0096,5.7713,-1.2306,-1.4176,3.3778,1.4407
2020,8,0.0079,7.6272,-2.0624,-2.9806,-0.6856,-1.6945
2020,9,0.0076,-3.6289,0.6123,-2.5092,1.1397,0.8466
2020,10,0.0073,-2.1029,2.5879,-0.4265,-2.6802,0.0469
2020,11,0.0066,12.4729,4.1307,3.1691,-14.3262,-9.6919
2020,12,0.0060,4.6327,4.1937,-2.7276,-4.1740,-1.1736
2021,1,0.0046,-0.0230,8.2093,6.5036,-1.9905,-6.7574
2021,2,0.0045,2.7777,4.3229,-0.6104,-6.1530,-5.7688
2021,3,0.0027,3.0883,-0.6500,4.6949,4.4370,-1.5000
2021,4,0.0014,4.9238,-3.0335,-3.3620,2.1942,2.1689
2021,5,0.0005,0.2863,1.4388,4.5304,2.3406,-1.6144
2021,6,0.0004,2.7520,-0.1256,-2.6374,-1.3497,3.4242
2021,7,0.0031,1.2654,-3.0535,-1.5166,7.4709,5.3323
2021,8,0.0049,2.9065,-0.7552,-2.1042,1.1887,2.2895
2021,9,0.0033,-4.3686,0.7437,3.3270,-1.7562,-4.7103
2021,10,0.0037,6.6486,-2.0071,-2.2662,3.2578,3.2310
2021,11,0.0044,-1.5499,-0.6226,-0.4690,8.3929,4.8777
2021,12,0.0067,3.1038,-0.5493,5.2511,3.8232,1.2053
2022,1,0.0044,-6.2490,-3.7522,10.4602,0.7812,-3.4369
2022,2,0.0028,-2.2821,3.1136,3.8214,-2.4135,-4.1752
2022,3,0.0060,3.0582,-1.8199,3.3367,-0.1641,-1.3869
2022,4,0.0037,-9.4476,0.8622,6.0929,4.6977,0.0599
2022,5,0.0307,-0.3342,0.8728,5.6528,1.0759,1.2827
2022,6,0.0567,-8.4265,0.7192,-5.6924,1.0166,1.4621
2022,7,0.0812,9.5574,0.3083,-5.5642,-2.0698,2.2604
2022,8,0.1901,-3.7749,1.5206,2.7322,-2.7206,-3.5068
2022,9,0.1929,-9.3547,-1.7025,-0.2547,1.0869,1.5972
2022,10,0.2327,7.8399,4.6833,7.4552,5.4828,-0.9241
2022,11,0.2856,4.6161,-2.3349,2.1192,2.4746,1.3792
2022,12,0.3379,-6.4076,0.3247,3.8887,-0.4982,-0.4328
2023,1,0.3506,6.6425,4.7342,-5.3913,-4.2654,-2.1697
2023,2,0.3450,-2.5911,-0.1125,-1.3490,2.9285,1.9002
2023,3,0.3638,2.4563,-7.8180,-3.1851,1.0722,6.3066
2023,4,0.3640,0.5939,-1.9412,3.0987,-1.0594,-0.6925
2023,5,0.3662,0.3406,-1.7478,-6.9683,-1.2506,1.6186
2023,6,0.4078,6.4587,2.7479,-1.5614,4.5296,0.3983
2023,7,0.4391,3.2253,1.6190,-0.2213,-0.5071,-0.3536
2023,8,0.4537,-2.3872,-2.4449,-1.2456,5.0586,4.8720
2023,9,0.4267,-5.2403,-0.1269,-0.4906,3.3822,2.7208
2023,10,0.4715,-3.1780,-2.5954,-0.4551,5.6041,4.4688
2023,11,0.4424,8.8683,-0.8046,-2.3506,-3.6071,-2.6794
2023,12,0.4266,4.8712,5.6786,-0.4524,-3.3056,-4.2215
2024,1,0.4729,0.7029,-4.7516,0.4249,1.8642,3.6182
2024,2,0.4224,5.0673,1.2370,-1.9569,0.0993,-1.9101
2024,3,0.4157,2.8420,-0.8276,0.3516,1.0643,-1.9841
2024,4,0.4864,-4.6882,-2.9782,-0.9564,1.7918,1.6019
2024,5,0.4415,4.3267,2.8304,-0.9620,4.2872,2.4352
2024,6,0.4125,2.7705,-4.7642,-0.6541,2.4326,4.7551
2024,7,0.4711,1.2192,7.6699,1.1444,0.0030,-3.2589
2024,8,0.4419,1.6554,-4.1014,0.4491,1.8800,0.8307
2024,9,0.4619,1.6820,-1.2845,0.0330,0.7965,-3.2535
2024,10,0.3907,-0.9692,-1.1251,-1.2211,-0.1682,-0.7349
2024,11,0.3955,6.5042,4.2829,-5.0520,-1.6797,-2.4658
2024,12,0.3663,-3.1664,-5.0859,-0.4257,-2.1078,4.8516
2025,1,0.3297,2.8659,-1.7308,-3.0941,-4.2027,-2.1550
2025,2,0.3315,-2.4881,-6.4241,3.1059,0.6716,-1.3867
2025,3,0.3425,-6.4191,-0.9816,0.7883,2.0378,-0.8653
2025,4,0.3535,-0.8087,-2.1344,-4.8663,-1.0349,0.1739
2025,5,0.3757,6.1655,0.1154,0.9220,2.0331,3.1959
2025,6,0.3409,4.9198,0.0094,0.7640,-2.3750,0.2765
2025,7,0.3468,2.0080,-0.1160,-2.1917,-0.9010,0.1469
2025,8,0.3805,1.7547,5.1613,2.1889,0.0784,-3.1652
2025,9,0.3309,3.4295,-2.1095,-2.9018,-3.0986,-1.6368
2025,10,0.3268,1.9974,-1.8906,-4.2926,-5.1657,1.2599
2025,11,0.3012,-0.2604,1.2628,3.1855,2.5381,0.7084
2025,12,0.3127,-0.3337,0.0065,0.7384,0.0127,0.5577
