bloque,fila,campo,tipo,reportado,propio,dif,tolerancia,ok,exacto_al_redondeo
0. Estructura de datos (pre-registro),DEXMXUS,rango,categoria,1993-11-08 a 2026-09-18,1993-11-08 a 2026-09-18,,igual,True,True
0. Estructura de datos (pre-registro),FIX,rango,categoria,1991-11-12 a 2026-09-24,1991-11-12 a 2026-09-24,,igual,True,True
0. Estructura de datos (pre-registro),MXN=X,inicio,categoria,2003-12-01,2003-12-01,,igual,True,True
0. Estructura de datos (pre-registro),CETES,ultima subasta,categoria,2026-09-24,2026-09-24,,igual,True,True
0. Estructura de datos (pre-registro),SPY,rango,categoria,1993-01-29 a 2026-09-24,1993-01-29 a 2026-09-24,,igual,True,True
0. Estructura de datos (pre-registro),PRE-REGISTRO del README,identico a prerregistro.md (huella 84aabaa6...),categoria,True,True,,igual,True,True
0. Estructura de datos (pre-registro),CETES,primer dato del CSV (nota menor del README),categoria,1990,1990,,igual,True,True
0. Estructura de datos (pre-registro),NAFTRAC,inicio,categoria,2008-01-02,2008-01-02,,igual,True,True
0. Estructura de datos (pre-registro),SPY.MX,inicio,categoria,2008-01-02,2008-01-02,,igual,True,True
0. Estructura de datos (pre-registro),IVV.MX,inicio,categoria,2008-01-02,2008-01-02,,igual,True,True
0. Estructura de datos (pre-registro),SPYMX,dividendos: todos < 5 antes de 2016 y > 5 desde 2016 (USD luego MXN),categoria,True,True,,igual,True,True
0. Estructura de datos (pre-registro),IVVMX,dividendos: todos < 5 antes de 2016 y > 5 desde 2016 (USD luego MXN),categoria,True,True,,igual,True,True
1. CAGR A1-A3,**S&P 500 TR en MXN: SPY `adjclose` × DE,W1,pct,13.97,13.965313,-0.004687,0.1,True,True
1. CAGR A1-A3,**S&P 500 TR en MXN: SPY `adjclose` × DE,W2,pct,14.47,14.472232,0.002232,0.1,True,True
1. CAGR A1-A3,**S&P 500 TR en MXN: SPY `adjclose` × DE,W3,pct,14.05,14.049131,-0.000869,0.1,True,True
1. CAGR A1-A3,**S&P 500 TR en MXN: SPY `adjclose` × DE,W4,pct,14.1,14.098525,-0.001475,0.1,True,True
1. CAGR A1-A3,SPY × FIX (Banxico),W1,pct,13.97,13.968353,-0.001647,0.1,True,True
1. CAGR A1-A3,SPY × FIX (Banxico),W2,pct,14.47,14.470524,0.000524,0.1,True,True
1. CAGR A1-A3,SPY × FIX (Banxico),W3,pct,14.05,14.051674,0.001674,0.1,True,True
1. CAGR A1-A3,SPY × FIX (Banxico),W4,pct,14.1,14.097637,-0.002363,0.1,True,True
1. CAGR A1-A3,SPY × MXN=X (Yahoo),W1,pct,13.99,13.986785,-0.003215,0.1,True,True
1. CAGR A1-A3,SPY × MXN=X (Yahoo),W2,pct,14.48,14.484040,0.004040,0.1,True,True
1. CAGR A1-A3,SPY × MXN=X (Yahoo),W3,pct,14.02,14.021494,0.001494,0.1,True,True
1. CAGR A1-A3,SPY × MXN=X (Yahoo),W4,pct,14.1,14.102940,0.002940,0.1,True,True
1. CAGR A1-A3,^SP500TR × DEXMXUS,W1,pct,14.05,14.048688,-0.001312,0.1,True,True
1. CAGR A1-A3,^SP500TR × DEXMXUS,W2,pct,14.55,14.553214,0.003214,0.1,True,True
1. CAGR A1-A3,^SP500TR × DEXMXUS,W3,pct,14.17,14.170544,0.000544,0.1,True,True
1. CAGR A1-A3,^SP500TR × DEXMXUS,W4,pct,14.18,14.181987,0.001987,0.1,True,True
1. CAGR A1-A3,SPY con dividendos netos de 30% de reten,W1,pct,13.35,13.349600,-0.000400,0.1,True,True
1. CAGR A1-A3,SPY con dividendos netos de 30% de reten,W2,pct,13.85,13.850966,0.000966,0.1,True,True
1. CAGR A1-A3,SPY con dividendos netos de 30% de reten,W3,pct,13.43,13.429885,-0.000115,0.1,True,True
1. CAGR A1-A3,SPY con dividendos netos de 30% de reten,W4,pct,13.47,13.469329,-0.000671,0.1,True,True
1. CAGR A1-A3,^GSPC precio (sin dividendos) × DEXMXUS,W1,pct,11.9,11.899134,-0.000866,0.1,True,True
1. CAGR A1-A3,^GSPC precio (sin dividendos) × DEXMXUS,W2,pct,12.39,12.391996,0.001996,0.1,True,True
1. CAGR A1-A3,^GSPC precio (sin dividendos) × DEXMXUS,W3,pct,12.02,12.019958,-0.000042,0.1,True,True
1. CAGR A1-A3,^GSPC precio (sin dividendos) × DEXMXUS,W4,pct,12.0,11.998446,-0.001554,0.1,True,True
1. CAGR A1-A3,S&P 500 TR en USD (SPY),W1,pct,11.29,11.290261,0.000261,0.1,True,True
1. CAGR A1-A3,S&P 500 TR en USD (SPY),W2,pct,11.72,11.718982,-0.001018,0.1,True,True
1. CAGR A1-A3,S&P 500 TR en USD (SPY),W3,pct,11.29,11.287733,-0.002267,0.1,True,True
1. CAGR A1-A3,S&P 500 TR en USD (SPY),W4,pct,10.97,10.970650,0.000650,0.1,True,True
1. CAGR A1-A3,**NAFTRAC `adjclose` (Yahoo; desde 2008-,W1,pct,6.11,6.111448,0.001448,0.1,True,True
1. CAGR A1-A3,**NAFTRAC `adjclose` (Yahoo; desde 2008-,W2,pct,6.13,6.134373,0.004373,0.1,True,True
1. CAGR A1-A3,**NAFTRAC `adjclose` (Yahoo; desde 2008-,W3,pct,5.92,5.919767,-0.000233,0.1,True,True
1. CAGR A1-A3,**NAFTRAC `adjclose` (Yahoo; desde 2008-,W4,pct,6.15,6.146199,-0.003801,0.1,True,True
1. CAGR A1-A3,NAFTRAC `close` (sin ajuste),W1,pct,4.48,4.475434,-0.004566,0.1,True,True
1. CAGR A1-A3,NAFTRAC `close` (sin ajuste),W2,pct,4.49,4.491068,0.001068,0.1,True,True
1. CAGR A1-A3,NAFTRAC `close` (sin ajuste),W3,pct,4.29,4.290976,0.000976,0.1,True,True
1. CAGR A1-A3,NAFTRAC `close` (sin ajuste),W4,pct,4.56,4.557360,-0.002640,0.1,True,True
1. CAGR A1-A3,^MXX (IPC precio),W1,pct,4.35,4.352867,0.002867,0.1,True,True
1. CAGR A1-A3,^MXX (IPC precio),W2,pct,4.52,4.516415,-0.003585,0.1,True,True
1. CAGR A1-A3,^MXX (IPC precio),W3,pct,4.33,4.325003,-0.004997,0.1,True,True
1. CAGR A1-A3,^MXX (IPC precio),W4,pct,4.42,4.416941,-0.003059,0.1,True,True
1. CAGR A1-A3,"**CETES 28 (Banxico SF43936, subasta sem",W1,pct,6.37,6.372391,0.002391,0.1,True,True
1. CAGR A1-A3,"**CETES 28 (Banxico SF43936, subasta sem",W2,pct,6.37,6.365881,-0.004119,0.1,True,True
1. CAGR A1-A3,"**CETES 28 (Banxico SF43936, subasta sem",W3,pct,6.37,6.372622,0.002622,0.1,True,True
1. CAGR A1-A3,"**CETES 28 (Banxico SF43936, subasta sem",W4,pct,6.35,6.353372,0.003372,0.1,True,True
1. CAGR A1-A3,*Post-hoc:* EWW `adjclose` × DEXMXUS (MS,W1,pct,6.42,6.421271,0.001271,0.1,True,True
1. CAGR A1-A3,*Post-hoc:* EWW `adjclose` × DEXMXUS (MS,W2,pct,6.56,6.557665,-0.002335,0.1,True,True
1. CAGR A1-A3,*Post-hoc:* EWW `adjclose` × DEXMXUS (MS,W3,pct,6.38,6.378001,-0.001999,0.1,True,True
1. CAGR A1-A3,*Post-hoc:* EWW `adjclose` × DEXMXUS (MS,W4,pct,6.32,6.317926,-0.002074,0.1,True,True
1. CAGR A1-A3,*Post-hoc:* EWW precio × DEXMXUS,W1,pct,4.15,4.145340,-0.004660,0.1,True,True
1. CAGR A1-A3,*Post-hoc:* EWW precio × DEXMXUS,W2,pct,4.27,4.268519,-0.001481,0.1,True,True
1. CAGR A1-A3,*Post-hoc:* EWW precio × DEXMXUS,W3,pct,4.11,4.108262,-0.001738,0.1,True,True
1. CAGR A1-A3,*Post-hoc:* EWW precio × DEXMXUS,W4,pct,4.05,4.045511,-0.004489,0.1,True,True
1. CAGR A1-A3,CETES particion mensual,W1,pct,6.36,6.357593,-0.002407,0.1,True,True
1. CAGR A1-A3,FMI tasa/1200,2008-01 a 2026-07,pct,6.26,6.260916,0.000916,0.1,True,True
1b. Sensibilidad de inicio,S&P TR en MXN,min,pct,13.41,13.411844,0.001844,0.1,True,True
1b. Sensibilidad de inicio,S&P TR en MXN,mes del min,categoria,2007-01,2007-01,,igual,True,True
1b. Sensibilidad de inicio,S&P TR en MXN,max,pct,17.18,17.175602,-0.004398,0.1,True,True
1b. Sensibilidad de inicio,S&P TR en MXN,mes del max,categoria,2009-02,2009-02,,igual,True,True
1b. Sensibilidad de inicio,S&P TR en MXN,2007-06,pct,13.53,13.532481,0.002481,0.1,True,True
1b. Sensibilidad de inicio,S&P TR en MXN,2007-09,pct,13.53,13.530548,0.000548,0.1,True,True
1b. Sensibilidad de inicio,S&P TR en MXN,2007-12,pct,13.97,13.965313,-0.004687,0.1,True,True
1b. Sensibilidad de inicio,S&P TR en MXN,2008-01,pct,14.47,14.472232,0.002232,0.1,True,True
1b. Sensibilidad de inicio,S&P TR en MXN,2008-02,pct,14.75,14.754203,0.004203,0.1,True,True
1b. Sensibilidad de inicio,S&P TR en MXN,2008-03,pct,14.94,14.939286,-0.000714,0.1,True,True
1b. Sensibilidad de inicio,S&P TR en MXN,2008-04,pct,14.79,14.790304,0.000304,0.1,True,True
1b. Sensibilidad de inicio,S&P TR en MXN,2008-06,pct,15.52,15.520226,0.000226,0.1,True,True
1b. Sensibilidad de inicio,S&P TR en MXN,2008-12,pct,16.27,16.266341,-0.003659,0.1,True,True
1b. Sensibilidad de inicio,S&P TR en MXN,2009-03,pct,17.13,17.134028,0.004028,0.1,True,True
1b. Sensibilidad de inicio,S&P TR en MXN,2009-12,pct,16.09,16.087356,-0.002644,0.1,True,True
1b. Sensibilidad de inicio,NAFTRAC `adjclose`,min,pct,5.62,5.615967,-0.004033,0.1,True,True
1b. Sensibilidad de inicio,NAFTRAC `adjclose`,mes del min,categoria,2008-05,2008-05,,igual,True,True
1b. Sensibilidad de inicio,NAFTRAC `adjclose`,max,pct,9.54,9.543390,0.003390,0.1,True,True
1b. Sensibilidad de inicio,NAFTRAC `adjclose`,mes del max,categoria,2009-02,2009-02,,igual,True,True
1b. Sensibilidad de inicio,NAFTRAC `adjclose`,2008-01,pct,6.13,6.134373,0.004373,0.1,True,True
1b. Sensibilidad de inicio,NAFTRAC `adjclose`,2008-06,pct,6.16,6.155549,-0.004451,0.1,True,True
1b. Sensibilidad de inicio,NAFTRAC `adjclose`,2008-12,pct,7.99,7.985402,-0.004598,0.1,True,True
1b. Sensibilidad de inicio,NAFTRAC `adjclose`,2009-06,pct,7.69,7.689483,-0.000517,0.1,True,True
1b. Sensibilidad de inicio,NAFTRAC `adjclose`,2009-12,pct,6.17,6.165284,-0.004716,0.1,True,True
1b. Sensibilidad de inicio,CETES 28,min,pct,6.25,6.254699,0.004699,0.1,True,True
1b. Sensibilidad de inicio,CETES 28,mes del min,categoria,2009-04,2009-04,,igual,True,True
1b. Sensibilidad de inicio,CETES 28,max,pct,6.43,6.428111,-0.001889,0.1,True,True
1b. Sensibilidad de inicio,CETES 28,mes del max,categoria,2007-01,2007-01,,igual,True,True
1b. Sensibilidad de inicio,CETES 28,2007-12,pct,6.37,6.372391,0.002391,0.1,True,True
1b. Sensibilidad de inicio,CETES 28,2008-12,pct,6.28,6.275696,-0.004304,0.1,True,True
1b. Sensibilidad de inicio,S&P TR en USD,min,pct,10.74,10.737681,-0.002319,0.1,True,True
1b. Sensibilidad de inicio,S&P TR en USD,mes del min,categoria,2007-05,2007-05,,igual,True,True
1b. Sensibilidad de inicio,S&P TR en USD,max,pct,16.38,16.376522,-0.003478,0.1,True,True
1b. Sensibilidad de inicio,S&P TR en USD,mes del max,categoria,2009-02,2009-02,,igual,True,True
1b. Sensibilidad de inicio,S&P TR en USD,2007-12,pct,11.29,11.290261,0.000261,0.1,True,True
1b. Sensibilidad de inicio,S&P TR en USD,2008-12,pct,14.91,14.913763,0.003763,0.1,True,True
1c. Sensibilidad de fin,S&P TR en MXN,2025-12-31,pct,14.1,14.098525,-0.001475,0.1,True,True
1c. Sensibilidad de fin,S&P TR en MXN,2026-06-30,pct,14.09,14.094699,0.004699,0.1,True,True
1c. Sensibilidad de fin,S&P TR en MXN,2026-08-31,pct,13.97,13.965313,-0.004687,0.1,True,True
1c. Sensibilidad de fin,S&P TR en MXN,2026-09-18,pct,13.98,13.982859,0.002859,0.1,True,True
1c. Sensibilidad de fin,NAFTRAC,2025-12-31,pct,6.15,6.146199,-0.003801,0.1,True,True
1c. Sensibilidad de fin,NAFTRAC,2026-06-30,pct,6.29,6.288652,-0.001348,0.1,True,True
1c. Sensibilidad de fin,NAFTRAC,2026-08-31,pct,6.11,6.111448,0.001448,0.1,True,True
1c. Sensibilidad de fin,NAFTRAC,2026-09-18,pct,5.92,5.919767,-0.000233,0.1,True,True
1c. Sensibilidad de fin,CETES,2025-12-31,pct,6.35,6.353372,0.003372,0.1,True,True
1c. Sensibilidad de fin,CETES,2026-06-30,pct,6.37,6.371022,0.001022,0.1,True,True
1c. Sensibilidad de fin,CETES,2026-08-31,pct,6.37,6.372391,0.002391,0.1,True,True
1c. Sensibilidad de fin,CETES,2026-09-18,pct,6.37,6.373046,0.003046,0.1,True,True
1d. Dividendos,NAFTRAC implicito,2008,pct,0.0,0.000029,0.000029,0.1,True,True
1d. Dividendos,NAFTRAC eventos en Yahoo,2008,categoria,0,0,,igual,True,True
1d. Dividendos,NAFTRAC implicito,2009,pct,0.0,-0.000041,-0.000041,0.1,True,True
1d. Dividendos,NAFTRAC eventos en Yahoo,2009,categoria,0,0,,igual,True,True
1d. Dividendos,NAFTRAC implicito,2010,pct,0.0,0.000021,0.000021,0.1,True,True
1d. Dividendos,NAFTRAC eventos en Yahoo,2010,categoria,0,0,,igual,True,True
1d. Dividendos,NAFTRAC implicito,2011,pct,0.0,0.000035,0.000035,0.1,True,True
1d. Dividendos,NAFTRAC eventos en Yahoo,2011,categoria,0,0,,igual,True,True
1d. Dividendos,NAFTRAC implicito,2012,pct,0.0,-0.000032,-0.000032,0.1,True,True
1d. Dividendos,NAFTRAC eventos en Yahoo,2012,categoria,0,0,,igual,True,True
1d. Dividendos,NAFTRAC implicito,2021,pct,0.0,0.000009,0.000009,0.1,True,True
1d. Dividendos,NAFTRAC eventos en Yahoo,2021,categoria,0,0,,igual,True,True
1d. Dividendos,NAFTRAC otros anios,minimo,pct,0.5,0.512506,0.012506,0.1,True,True
1d. Dividendos,NAFTRAC otros anios,maximo,pct,4.3,4.298030,-0.001970,0.1,True,True
1d. Dividendos,NAFTRAC implicito,2019,pct,3.04,3.037433,-0.002567,0.1,True,True
1d. Dividendos,NAFTRAC implicito,2023,pct,3.43,3.428691,-0.001309,0.1,True,True
1d. Dividendos,NAFTRAC implicito,2025,pct,4.3,4.298030,-0.001970,0.1,True,True
1d. Dividendos,EWW implicito (USD),2008,pct,2.27,2.266589,-0.003411,0.1,True,True
1d. Dividendos,EWW implicito (USD),2009,pct,1.6,1.604278,0.004278,0.1,True,True
1d. Dividendos,EWW implicito (USD),2010,pct,0.96,0.963847,0.003847,0.1,True,True
1d. Dividendos,EWW implicito (USD),2011,pct,1.4,1.397328,-0.002672,0.1,True,True
1d. Dividendos,EWW implicito (USD),2012,pct,1.23,1.233164,0.003164,0.1,True,True
1d. Dividendos,EWW implicito (USD),2021,pct,2.19,2.185784,-0.004216,0.1,True,True
1d. Dividendos,NAFTRAC W1,sin imputar,pct,6.11,6.111448,0.001448,0.1,True,True
1d. Dividendos,NAFTRAC W1,con dividendos de EWW imputados,pct,6.66,6.656878,-0.003122,0.1,True,True
1d. Dividendos,"^MXX precio, anio calendario",2022,pct,-9.03,-9.026397,0.003603,0.1,True,True
1d. Dividendos,"^MXX precio, anio calendario",2023,pct,18.41,18.410401,0.000401,0.1,True,True
1d. Dividendos,"^MXX precio, anio calendario",2024,pct,-13.72,-13.719280,0.000720,0.1,True,True
1d. Dividendos,"^MXX precio, anio calendario",2025,pct,29.88,29.880918,0.000918,0.1,True,True
1e. NW benchmarks,"S&P MXN − CETES, 2008-01 a 2026-08",n,entero,224.0,224,0.000000,0,True,True
1e. NW benchmarks,"S&P MXN − CETES, 2008-01 a 2026-08",media %/mes,media,0.653,0.653411,0.000411,0.01,True,True
1e. NW benchmarks,"S&P MXN − CETES, 2008-01 a 2026-08",x12,x12,7.84,7.840929,0.000929,0.12,True,True
1e. NW benchmarks,"S&P MXN − CETES, 2008-01 a 2026-08",t NW(6),t,2.39,2.385877,-0.004123,0.05,True,True
1e. NW benchmarks,"S&P MXN − CETES, 2008-01 a 2026-08",t IID,t,2.5,2.502027,0.002027,0.05,True,True
1e. NW benchmarks,"S&P MXN − CETES, 2008-01 a 2026-08",IC95 inferior,media,0.117,0.116643,-0.000357,0.01,True,True
1e. NW benchmarks,"S&P MXN − CETES, 2008-01 a 2026-08",IC95 superior,media,1.19,1.190178,0.000178,0.01,True,True
1e. NW benchmarks,"S&P MXN − CETES, 2008-01 a 2026-08",veredicto,categoria,apoyo,apoyo,,igual,True,True
1e. NW benchmarks,"S&P MXN − CETES, 1995-01 a 2007-12",n,entero,156.0,156,0.000000,0,True,True
1e. NW benchmarks,"S&P MXN − CETES, 1995-01 a 2007-12",media %/mes,media,0.075,0.075408,0.000408,0.01,True,True
1e. NW benchmarks,"S&P MXN − CETES, 1995-01 a 2007-12",x12,x12,0.9,0.904901,0.004901,0.12,True,True
1e. NW benchmarks,"S&P MXN − CETES, 1995-01 a 2007-12",t NW(6),t,0.22,0.218073,-0.001927,0.05,True,True
1e. NW benchmarks,"S&P MXN − CETES, 1995-01 a 2007-12",t IID,t,0.21,0.214532,0.004532,0.05,True,True
1e. NW benchmarks,"S&P MXN − CETES, 1995-01 a 2007-12",IC95 inferior,media,-0.602,-0.602336,-0.000336,0.01,True,True
1e. NW benchmarks,"S&P MXN − CETES, 1995-01 a 2007-12",IC95 superior,media,0.753,0.753153,0.000153,0.01,True,True
1e. NW benchmarks,"S&P MXN − CETES, 1995-01 a 2007-12",veredicto,categoria,inconcluso,inconcluso,,igual,True,True
1e. NW benchmarks,"S&P MXN − NAFTRAC, 2008-02 a 2026-08",n,entero,223.0,223,0.000000,0,True,True
1e. NW benchmarks,"S&P MXN − NAFTRAC, 2008-02 a 2026-08",media %/mes,media,0.6,0.600473,0.000473,0.01,True,True
1e. NW benchmarks,"S&P MXN − NAFTRAC, 2008-02 a 2026-08",x12,x12,7.21,7.205676,-0.004324,0.12,True,True
1e. NW benchmarks,"S&P MXN − NAFTRAC, 2008-02 a 2026-08",t NW(6),t,1.64,1.635565,-0.004435,0.05,True,True
1e. NW benchmarks,"S&P MXN − NAFTRAC, 2008-02 a 2026-08",t IID,t,1.75,1.753539,0.003539,0.05,True,True
1e. NW benchmarks,"S&P MXN − NAFTRAC, 2008-02 a 2026-08",IC95 inferior,media,-0.119,-0.119098,-0.000098,0.01,True,True
1e. NW benchmarks,"S&P MXN − NAFTRAC, 2008-02 a 2026-08",IC95 superior,media,1.32,1.320044,0.000044,0.01,True,True
1e. NW benchmarks,"S&P MXN − NAFTRAC, 2008-02 a 2026-08",veredicto,categoria,inconcluso,inconcluso,,igual,True,True
1e. NW benchmarks,"NAFTRAC − CETES, 2008-02 a 2026-08",n,entero,223.0,223,0.000000,0,True,True
1e. NW benchmarks,"NAFTRAC − CETES, 2008-02 a 2026-08",media %/mes,media,0.09,0.089629,-0.000371,0.01,True,True
1e. NW benchmarks,"NAFTRAC − CETES, 2008-02 a 2026-08",x12,x12,1.08,1.075546,-0.004454,0.12,True,True
1e. NW benchmarks,"NAFTRAC − CETES, 2008-02 a 2026-08",t NW(6),t,0.27,0.273677,0.003677,0.05,True,True
1e. NW benchmarks,"NAFTRAC − CETES, 2008-02 a 2026-08",t IID,t,0.29,0.286945,-0.003055,0.05,True,True
1e. NW benchmarks,"NAFTRAC − CETES, 2008-02 a 2026-08",IC95 inferior,media,-0.552,-0.552258,-0.000258,0.01,True,True
1e. NW benchmarks,"NAFTRAC − CETES, 2008-02 a 2026-08",IC95 superior,media,0.732,0.731515,-0.000485,0.01,True,True
1e. NW benchmarks,"NAFTRAC − CETES, 2008-02 a 2026-08",veredicto,categoria,inconcluso,inconcluso,,igual,True,True
1f. Amortiguador,W1,correlacion S&P USD vs MXN/USD,corr,-0.56,-0.560093,-0.000093,0.01,True,True
1f. Amortiguador,W1,meses con S&P USD < -5%,entero,24.0,24,0.000000,0,True,True
1f. Amortiguador,W1,media S&P USD en esos meses,pct,-7.9,-7.896984,0.003016,0.1,True,True
1f. Amortiguador,W1,media MXN/USD en esos meses,pct,4.54,4.538138,-0.001862,0.1,True,True
1f. Amortiguador,W1,media S&P MXN en esos meses,pct,-3.79,-3.792444,-0.002444,0.1,True,True
1f. Amortiguador,W1,MDD mensual USD,pct,-48.2,-48.218685,-0.018685,0.1,True,True
1f. Amortiguador,W1,MDD mensual MXN,pct,-28.4,-28.434219,-0.034219,0.1,True,True
1f. Amortiguador,W1,vol anual USD,pct,15.7,15.660079,-0.039921,0.1,True,True
1f. Amortiguador,W1,vol anual MXN,pct,13.5,13.464199,-0.035801,0.1,True,True
1f. Amortiguador,W1,MXN/USD inicial,nivel,10.92,10.916900,-0.003100,0.01,True,True
1f. Amortiguador,W1,MXN/USD final,nivel,17.01,17.008100,-0.001900,0.01,True,True
1f. Amortiguador,W1,CAGR MXN/USD,pct,2.4,2.403671,0.003671,0.1,True,True
1f. Amortiguador,W1,S&P MXN,pct,13.97,13.965313,-0.004687,0.1,True,True
1f. Amortiguador,W1,S&P USD,pct,11.29,11.290261,0.000261,0.1,True,True
1f. Amortiguador,W1,factor 1 + CAGR USD,nivel,1.1129,1.112903,0.000003,0.01,True,True
1f. Amortiguador,W1,factor 1 + CAGR MXN/USD,nivel,1.024,1.024037,0.000037,0.01,True,True
1f. Amortiguador,W1,aritmetica del README con sus factores impresos,pct,13.96,13.960960,0.000960,0.1,True,True
1f. Amortiguador,W1,vol NAFTRAC,pct,16.1,16.057885,-0.042115,0.1,True,True
1f. Amortiguador,W1,MDD mensual NAFTRAC,pct,-45.0,-45.026474,-0.026474,0.1,True,True
1g. Controles de datos,SPY TR reconstruido x DEXMXUS,W1,pct,13.97,13.969612,-0.000388,0.1,True,True
1g. Controles de datos,cierres E_m distintos del ultimo dia de SPY,numero,entero,4.0,4,0.000000,0,True,True
1g. Controles de datos,SPY.MX vs SPY x FX (2016-),mediana DEXMXUS,sic,0.21,0.211960,0.001960,0.01,True,True
1g. Controles de datos,SPY.MX vs SPY x FX (2016-),mediana FIX,sic,0.21,0.205975,-0.004025,0.01,True,True
1g. Controles de datos,SPY.MX vs SPY x FX (2016-),p90 DEXMXUS,sic,0.63,0.629604,-0.000396,0.01,True,True
1g. Controles de datos,SPY.MX vs SPY x FX (2016-),mediana MXN=X,sic,0.33,0.332099,0.002099,0.01,True,True
1g. Controles de datos,SPY.MX adjclose,2008-08-29,nivel,104.48,104.480507,0.000507,0.01,True,True
1g. Controles de datos,SPY.MX adjclose,2008-09-01,nivel,1083.44,1083.439453,-0.000547,0.01,True,True
1g. Controles de datos,SPY.MX adjclose,saltos > 30%,entero,95.0,95,0.000000,0,True,True
2. A4 (2008),cambio_2008,spy_usd,pct,-36.79,-36.794990,-0.004990,0.1,True,True
2. A4 (2008),cambio_2008,sptr_usd,pct,-37.0,-36.997611,0.002389,0.1,True,True
2. A4 (2008),cambio_2008,gspc_usd,pct,-38.49,-38.485793,0.004207,0.1,True,True
2. A4 (2008),cambio_2008,spy_mxn,pct,-19.92,-19.917587,0.002413,0.1,True,True
2. A4 (2008),cambio_2008,sptr_mxn,pct,-20.17,-20.174313,-0.004313,0.1,True,True
2. A4 (2008),cambio_2008,gspc_mxn,pct,-22.06,-22.059879,0.000121,0.1,True,True
2. A4 (2008),cambio_2008,spy_mxn_fix,pct,-19.91,-19.905888,0.004112,0.1,True,True
2. A4 (2008),mdd_diaria_2008,spy_usd,pct,-47.58,-47.579594,0.000406,0.1,True,True
2. A4 (2008),mdd_diaria_2008,sptr_usd,pct,-47.71,-47.705127,0.004873,0.1,True,True
2. A4 (2008),mdd_diaria_2008,gspc_usd,pct,-48.76,-48.756435,0.003565,0.1,True,True
2. A4 (2008),mdd_diaria_2008,spy_mxn,pct,-34.88,-34.883243,-0.003243,0.1,True,True
2. A4 (2008),mdd_diaria_2008,sptr_mxn,pct,-35.04,-35.039180,0.000820,0.1,True,True
2. A4 (2008),mdd_diaria_2008,gspc_mxn,pct,-36.35,-36.345118,0.004882,0.1,True,True
2. A4 (2008),mdd_diaria_2008,spy_mxn_fix,pct,-34.81,-34.805010,0.004990,0.1,True,True
2. A4 (2008),mdd_mensual_2008,spy_usd,pct,-37.41,-37.408156,0.001844,0.1,True,True
2. A4 (2008),mdd_mensual_2008,sptr_usd,pct,-37.66,-37.661028,-0.001028,0.1,True,True
2. A4 (2008),mdd_mensual_2008,gspc_usd,pct,-38.96,-38.963197,-0.003197,0.1,True,True
2. A4 (2008),mdd_mensual_2008,spy_mxn,pct,-23.23,-23.228683,0.001317,0.1,True,True
2. A4 (2008),mdd_mensual_2008,sptr_mxn,pct,-23.54,-23.538841,0.001159,0.1,True,True
2. A4 (2008),mdd_mensual_2008,gspc_mxn,pct,-25.14,-25.136001,0.003999,0.1,True,True
2. A4 (2008),mdd_mensual_2008,spy_mxn_fix,pct,-23.61,-23.607296,0.002704,0.1,True,True
2. A4 (2008),mdd_diaria_crisis,spy_usd,pct,-55.19,-55.189445,0.000555,0.1,True,True
2. A4 (2008),mdd_diaria_crisis,sptr_usd,pct,-55.25,-55.250241,-0.000241,0.1,True,True
2. A4 (2008),mdd_diaria_crisis,gspc_usd,pct,-56.78,-56.775388,0.004612,0.1,True,True
2. A4 (2008),mdd_diaria_crisis,spy_mxn,pct,-38.33,-38.332440,-0.002440,0.1,True,True
2. A4 (2008),mdd_diaria_crisis,sptr_mxn,pct,-38.27,-38.274888,-0.004888,0.1,True,True
2. A4 (2008),mdd_diaria_crisis,gspc_mxn,pct,-39.79,-39.791839,-0.001839,0.1,True,True
2. A4 (2008),mdd_diaria_crisis,spy_mxn_fix,pct,-38.32,-38.320961,-0.000961,0.1,True,True
2. A4 (2008),mdd_mensual_crisis,spy_usd,pct,-50.78,-50.784829,-0.004829,0.1,True,True
2. A4 (2008),mdd_mensual_crisis,sptr_usd,pct,-50.95,-50.948768,0.001232,0.1,True,True
2. A4 (2008),mdd_mensual_crisis,gspc_usd,pct,-52.56,-52.555859,0.004141,0.1,True,True
2. A4 (2008),mdd_mensual_crisis,spy_mxn,pct,-31.15,-31.150093,-0.000093,0.1,True,True
2. A4 (2008),mdd_mensual_crisis,sptr_mxn,pct,-31.22,-31.221002,-0.001002,0.1,True,True
2. A4 (2008),mdd_mensual_crisis,gspc_mxn,pct,-33.55,-33.545481,0.004519,0.1,True,True
2. A4 (2008),mdd_mensual_crisis,spy_mxn_fix,pct,-31.23,-31.233144,-0.003144,0.1,True,True
2. A4 (2008),"mdd_diaria_2008 (pico, valle)",spy_usd,categoria,2007-12-31 a 2008-11-20,2007-12-31 a 2008-11-20,,igual,True,True
2. A4 (2008),mdd_mensual_2008 (mes del valle),spy_usd,categoria,2008-11,2008-11,,igual,True,True
2. A4 (2008),"mdd_diaria_2008 (pico, valle)",sptr_usd,categoria,2007-12-31 a 2008-11-20,2007-12-31 a 2008-11-20,,igual,True,True
2. A4 (2008),mdd_mensual_2008 (mes del valle),sptr_usd,categoria,2008-11,2008-11,,igual,True,True
2. A4 (2008),"mdd_diaria_2008 (pico, valle)",gspc_usd,categoria,2007-12-31 a 2008-11-20,2007-12-31 a 2008-11-20,,igual,True,True
2. A4 (2008),mdd_mensual_2008 (mes del valle),gspc_usd,categoria,2008-11,2008-11,,igual,True,True
2. A4 (2008),"mdd_diaria_2008 (pico, valle)",spy_mxn,categoria,2007-12-31 a 2008-11-20,2007-12-31 a 2008-11-20,,igual,True,True
2. A4 (2008),mdd_mensual_2008 (mes del valle),spy_mxn,categoria,2008-11,2008-11,,igual,True,True
2. A4 (2008),"mdd_diaria_2008 (pico, valle)",sptr_mxn,categoria,2007-12-31 a 2008-11-20,2007-12-31 a 2008-11-20,,igual,True,True
2. A4 (2008),mdd_mensual_2008 (mes del valle),sptr_mxn,categoria,2008-11,2008-11,,igual,True,True
2. A4 (2008),"mdd_diaria_2008 (pico, valle)",gspc_mxn,categoria,2007-12-31 a 2008-11-20,2007-12-31 a 2008-11-20,,igual,True,True
2. A4 (2008),mdd_mensual_2008 (mes del valle),gspc_mxn,categoria,2008-11,2008-11,,igual,True,True
2. A4 (2008),"mdd_diaria_2008 (pico, valle)",spy_mxn_fix,categoria,2007-12-31 a 2008-11-20,2007-12-31 a 2008-11-20,,igual,True,True
2. A4 (2008),mdd_mensual_2008 (mes del valle),spy_mxn_fix,categoria,2008-11,2008-11,,igual,True,True
2. A4 (2008),"mdd_diaria_crisis (pico, valle)",spy_usd,categoria,2007-10-09 a 2009-03-09,2007-10-09 a 2009-03-09,,igual,True,True
2. A4 (2008),"mdd_diaria_crisis (pico, valle)",spy_mxn,categoria,2007-10-09 a 2008-11-20,2007-10-09 a 2008-11-20,,igual,True,True
2. A4 (2008),"mdd_mensual_crisis (mes pico, mes valle)",spy_usd,categoria,2007-10 a 2009-02,2007-10 a 2009-02,,igual,True,True
2. A4 (2008),"mdd_mensual_crisis (mes pico, mes valle)",spy_mxn,categoria,2007-09 a 2009-02,2007-09 a 2009-02,,igual,True,True
2. A4 (2008),cambio_2008,gspc_mxn_fix,pct,-22.05,-22.048493,0.001507,0.1,True,True
2. A4 (2008),"coincidencias con 47% (USD), README: 'solo la caida diaria dentro de 2008 (SPY y ^SP500TR)'",lista,categoria,"['sptr_usd|mdd_diaria_2008', 'spy_usd|mdd_diaria_2008']","['sptr_usd|mdd_diaria_2008', 'spy_usd|mdd_diaria_2008']",,igual,True,True
2. A4 (2008),"coincidencias con 21.6% (MXN), README: 'solo el cambio de fechas fijas sin dividendos (^GSPC x DEXMXUS y x FIX)'",lista,categoria,"['gspc_mxn_fix|cambio_2008', 'gspc_mxn|cambio_2008']","['gspc_mxn_fix|cambio_2008', 'gspc_mxn|cambio_2008']",,igual,True,True
2. A4 (2008),cambio_2008 con dividendos (SPY TR MXN),texto,pct,-19.9,-19.917587,-0.017587,0.1,True,True
3. SMA tabla 2008-2026,bh_T0,cagr,pct,13.97,13.965313,-0.004687,0.1,True,True
3. SMA tabla 2008-2026,bh_T0,vol,pct,13.46,13.464199,0.004199,0.1,True,True
3. SMA tabla 2008-2026,bh_T0,sharpe,sharpe,0.579,0.579107,0.000107,0.01,True,True
3. SMA tabla 2008-2026,bh_T0,mdd,pct,-28.43,-28.434219,-0.004219,0.1,True,True
3. SMA tabla 2008-2026,bh_T0,tiempo,pct,100.0,100.000000,0.000000,0.5,True,True
3. SMA tabla 2008-2026,bh_T0,cambios,entero,0.0,0,0.000000,0,True,True
3. SMA tabla 2008-2026,bh_T0,costo_anual,costo,0.0,0.000000,0.000000,0.01,True,True
3. SMA tabla 2008-2026,sma10_usd_T0,cagr,pct,12.26,12.256145,-0.003855,0.1,True,True
3. SMA tabla 2008-2026,sma10_usd_T0,vol,pct,10.78,10.779791,-0.000209,0.1,True,True
3. SMA tabla 2008-2026,sma10_usd_T0,sharpe,sharpe,0.552,0.552445,0.000445,0.01,True,True
3. SMA tabla 2008-2026,sma10_usd_T0,mdd,pct,-19.87,-19.869217,0.000783,0.1,True,True
3. SMA tabla 2008-2026,sma10_usd_T0,tiempo,pct,78.1,78.125000,0.025000,0.1,True,True
3. SMA tabla 2008-2026,sma10_usd_T0,cambios,entero,32.0,32,0.000000,0,True,True
3. SMA tabla 2008-2026,sma10_usd_T0,costo_anual,costo,0.583,0.582857,-0.000143,0.01,True,True
3. SMA tabla 2008-2026,sma10_mxn_T0,cagr,pct,15.23,15.232711,0.002711,0.1,True,True
3. SMA tabla 2008-2026,sma10_mxn_T0,vol,pct,11.21,11.213430,0.003430,0.1,True,True
3. SMA tabla 2008-2026,sma10_mxn_T0,sharpe,sharpe,0.77,0.770042,0.000042,0.01,True,True
3. SMA tabla 2008-2026,sma10_mxn_T0,mdd,pct,-12.23,-12.227587,0.002413,0.1,True,True
3. SMA tabla 2008-2026,sma10_mxn_T0,tiempo,pct,78.6,78.571429,-0.028571,0.1,True,True
3. SMA tabla 2008-2026,sma10_mxn_T0,cambios,entero,18.0,18,0.000000,0,True,True
3. SMA tabla 2008-2026,sma10_mxn_T0,costo_anual,costo,0.328,0.327857,-0.000143,0.01,True,True
3. SMA tabla 2008-2026,bh_T1,cagr,pct,13.97,13.969456,-0.000544,0.1,True,True
3. SMA tabla 2008-2026,bh_T1,vol,pct,14.38,14.377484,-0.002516,0.1,True,True
3. SMA tabla 2008-2026,bh_T1,sharpe,sharpe,0.552,0.552183,0.000183,0.01,True,True
3. SMA tabla 2008-2026,bh_T1,mdd,pct,-29.5,-29.504802,-0.004802,0.1,True,True
3. SMA tabla 2008-2026,bh_T1,tiempo,pct,100.0,100.000000,0.000000,0.5,True,True
3. SMA tabla 2008-2026,bh_T1,cambios,entero,0.0,0,0.000000,0,True,True
3. SMA tabla 2008-2026,bh_T1,costo_anual,costo,0.0,0.000000,0.000000,0.01,True,True
3. SMA tabla 2008-2026,sma10_usd_T1,cagr,pct,12.16,12.157937,-0.002063,0.1,True,True
3. SMA tabla 2008-2026,sma10_usd_T1,vol,pct,11.08,11.076831,-0.003169,0.1,True,True
3. SMA tabla 2008-2026,sma10_usd_T1,sharpe,sharpe,0.534,0.533811,-0.000189,0.01,True,True
3. SMA tabla 2008-2026,sma10_usd_T1,mdd,pct,-21.68,-21.680203,-0.000203,0.1,True,True
3. SMA tabla 2008-2026,sma10_usd_T1,tiempo,pct,78.1,78.125000,0.025000,0.1,True,True
3. SMA tabla 2008-2026,sma10_usd_T1,cambios,entero,32.0,32,0.000000,0,True,True
3. SMA tabla 2008-2026,sma10_usd_T1,costo_anual,costo,0.583,0.582943,-0.000057,0.01,True,True
3. SMA tabla 2008-2026,sma10_mxn_T1,cagr,pct,15.5,15.503874,0.003874,0.1,True,True
3. SMA tabla 2008-2026,sma10_mxn_T1,vol,pct,11.55,11.550644,0.000644,0.1,True,True
3. SMA tabla 2008-2026,sma10_mxn_T1,sharpe,sharpe,0.772,0.772321,0.000321,0.01,True,True
3. SMA tabla 2008-2026,sma10_mxn_T1,mdd,pct,-12.71,-12.707876,0.002124,0.1,True,True
3. SMA tabla 2008-2026,sma10_mxn_T1,tiempo,pct,78.6,78.571429,-0.028571,0.1,True,True
3. SMA tabla 2008-2026,sma10_mxn_T1,cambios,entero,18.0,18,0.000000,0,True,True
3. SMA tabla 2008-2026,sma10_mxn_T1,costo_anual,costo,0.328,0.327905,-0.000095,0.01,True,True
3. SMA tabla 2008-2026,cetes_T0,cagr,pct,6.37,6.372391,0.002391,0.1,True,True
3. SMA tabla 2008-2026,cetes_T0,vol,pct,0.72,0.722973,0.002973,0.1,True,True
3. SMA tabla 2008-2026,cetes_T0,mdd,pct,0.0,0.000000,0.000000,0.1,True,True
3. SMA tabla 2008-2026,cetes_T0,tiempo,pct,0.0,0.000000,0.000000,0.5,True,True
3. SMA tabla 2008-2026,cetes_T0,cambios,entero,0.0,0,0.000000,0,True,True
3. SMA tabla 2008-2026,cetes_T0,costo_anual,costo,0.0,0.000000,0.000000,0.5,True,True
3. SMA tabla 1995-2007,bh_T0,cagr,pct,18.01,18.008689,-0.001311,0.1,True,True
3. SMA tabla 1995-2007,bh_T0,vol,pct,15.85,15.850793,0.000793,0.1,True,True
3. SMA tabla 1995-2007,bh_T0,sharpe,sharpe,0.058,0.057564,-0.000436,0.01,True,True
3. SMA tabla 1995-2007,bh_T0,mdd,pct,-39.87,-39.866729,0.003271,0.1,True,True
3. SMA tabla 1995-2007,bh_T0,cambios,entero,1.0,1,0.000000,0,True,True
3. SMA tabla 1995-2007,sma10_usd_T0,cagr,pct,21.22,21.223536,0.003536,0.1,True,True
3. SMA tabla 1995-2007,sma10_usd_T0,vol,pct,13.14,13.139421,-0.000579,0.1,True,True
3. SMA tabla 1995-2007,sma10_usd_T0,sharpe,sharpe,0.256,0.255623,-0.000377,0.01,True,True
3. SMA tabla 1995-2007,sma10_usd_T0,mdd,pct,-8.66,-8.662613,-0.002613,0.1,True,True
3. SMA tabla 1995-2007,sma10_usd_T0,cambios,entero,11.0,11,0.000000,0,True,True
3. SMA tabla 1995-2007,sma10_mxn_T0,cagr,pct,18.86,18.855911,-0.004089,0.1,True,True
3. SMA tabla 1995-2007,sma10_mxn_T0,vol,pct,13.77,13.768872,-0.001128,0.1,True,True
3. SMA tabla 1995-2007,sma10_mxn_T0,sharpe,sharpe,0.099,0.098808,-0.000192,0.01,True,True
3. SMA tabla 1995-2007,sma10_mxn_T0,mdd,pct,-20.36,-20.363670,-0.003670,0.1,True,True
3. SMA tabla 1995-2007,sma10_mxn_T0,cambios,entero,21.0,21,0.000000,0,True,True
3. SMA tabla 1995-2007,bh_T1,cagr,pct,17.02,17.019940,-0.000060,0.1,True,True
3. SMA tabla 1995-2007,bh_T1,vol,pct,14.97,14.969359,-0.000641,0.1,True,True
3. SMA tabla 1995-2007,bh_T1,sharpe,sharpe,-0.006,-0.006206,-0.000206,0.01,True,True
3. SMA tabla 1995-2007,bh_T1,mdd,pct,-36.26,-36.256223,0.003777,0.1,True,True
3. SMA tabla 1995-2007,bh_T1,cambios,entero,1.0,1,0.000000,0,True,True
3. SMA tabla 1995-2007,sma10_usd_T1,cagr,pct,20.83,20.832541,0.002541,0.1,True,True
3. SMA tabla 1995-2007,sma10_usd_T1,vol,pct,12.29,12.288333,-0.001667,0.1,True,True
3. SMA tabla 1995-2007,sma10_usd_T1,sharpe,sharpe,0.239,0.238856,-0.000144,0.01,True,True
3. SMA tabla 1995-2007,sma10_usd_T1,mdd,pct,-10.79,-10.790194,-0.000194,0.1,True,True
3. SMA tabla 1995-2007,sma10_usd_T1,cambios,entero,11.0,11,0.000000,0,True,True
3. SMA tabla 1995-2007,sma10_mxn_T1,cagr,pct,18.26,18.261445,0.001445,0.1,True,True
3. SMA tabla 1995-2007,sma10_mxn_T1,vol,pct,12.83,12.834885,0.004885,0.1,True,True
3. SMA tabla 1995-2007,sma10_mxn_T1,sharpe,sharpe,0.056,0.056008,0.000008,0.01,True,True
3. SMA tabla 1995-2007,sma10_mxn_T1,mdd,pct,-19.0,-18.998504,0.001496,0.1,True,True
3. SMA tabla 1995-2007,sma10_mxn_T1,cambios,entero,21.0,21,0.000000,0,True,True
3. SMA tabla 1995-2007,cetes_T0,cagr,pct,18.33,18.326770,-0.003230,0.1,True,True
3. SMA tabla 1995-2007,cetes_T0,vol,pct,3.88,3.883066,0.003066,0.1,True,True
3. SMA tabla 1995-2007,cetes_T0,mdd,pct,0.0,0.000000,0.000000,0.1,True,True
3. SMA tabla 1995-2007,cetes_T0,cambios,entero,0.0,0,0.000000,0,True,True
3c. 16 variantes,sma6_usd_T0,1995-2007 CAGR,pct,17.23,17.232070,0.002070,0.1,True,True
3c. 16 variantes,sma6_usd_T0,1995-2007 MDD,pct,-16.92,-16.918251,0.001749,0.1,True,True
3c. 16 variantes,sma6_usd_T0,1995-2007 Sharpe,sharpe,-0.03,-0.029688,0.000312,0.01,True,True
3c. 16 variantes,sma6_usd_T0,2008-2026 CAGR,pct,11.83,11.830090,0.000090,0.1,True,True
3c. 16 variantes,sma6_usd_T0,2008-2026 MDD,pct,-10.41,-10.409538,0.000462,0.1,True,True
3c. 16 variantes,sma6_usd_T0,2008-2026 Sharpe,sharpe,0.572,0.571561,-0.000439,0.01,True,True
3c. 16 variantes,sma6_usd_T0,1995-2026 CAGR,pct,14.02,14.017161,-0.002839,0.1,True,True
3c. 16 variantes,sma6_usd_T0,1995-2026 MDD,pct,-16.92,-16.918251,0.001749,0.1,True,True
3c. 16 variantes,sma8_usd_T0,1995-2007 CAGR,pct,19.28,19.278243,-0.001757,0.1,True,True
3c. 16 variantes,sma8_usd_T0,1995-2007 MDD,pct,-8.66,-8.662613,-0.002613,0.1,True,True
3c. 16 variantes,sma8_usd_T0,1995-2007 Sharpe,sharpe,0.124,0.124255,0.000255,0.01,True,True
3c. 16 variantes,sma8_usd_T0,2008-2026 CAGR,pct,13.85,13.846411,-0.003589,0.1,True,True
3c. 16 variantes,sma8_usd_T0,2008-2026 MDD,pct,-19.87,-19.869217,0.000783,0.1,True,True
3c. 16 variantes,sma8_usd_T0,2008-2026 Sharpe,sharpe,0.712,0.712334,0.000334,0.01,True,True
3c. 16 variantes,sma8_usd_T0,1995-2026 CAGR,pct,16.05,16.045939,-0.004061,0.1,True,True
3c. 16 variantes,sma8_usd_T0,1995-2026 MDD,pct,-19.87,-19.869217,0.000783,0.1,True,True
3c. 16 variantes,sma10_usd_T0,1995-2007 CAGR,pct,21.22,21.223536,0.003536,0.1,True,True
3c. 16 variantes,sma10_usd_T0,1995-2007 MDD,pct,-8.66,-8.662613,-0.002613,0.1,True,True
3c. 16 variantes,sma10_usd_T0,1995-2007 Sharpe,sharpe,0.256,0.255623,-0.000377,0.01,True,True
3c. 16 variantes,sma10_usd_T0,2008-2026 CAGR,pct,12.26,12.256145,-0.003855,0.1,True,True
3c. 16 variantes,sma10_usd_T0,2008-2026 MDD,pct,-19.87,-19.869217,0.000783,0.1,True,True
3c. 16 variantes,sma10_usd_T0,2008-2026 Sharpe,sharpe,0.552,0.552445,0.000445,0.01,True,True
3c. 16 variantes,sma10_usd_T0,1995-2026 CAGR,pct,15.85,15.854648,0.004648,0.1,True,True
3c. 16 variantes,sma10_usd_T0,1995-2026 MDD,pct,-19.87,-19.869217,0.000783,0.1,True,True
3c. 16 variantes,sma12_usd_T0,1995-2007 CAGR,pct,22.36,22.357633,-0.002367,0.1,True,True
3c. 16 variantes,sma12_usd_T0,1995-2007 MDD,pct,-8.66,-8.662613,-0.002613,0.1,True,True
3c. 16 variantes,sma12_usd_T0,1995-2007 Sharpe,sharpe,0.329,0.328507,-0.000493,0.01,True,True
3c. 16 variantes,sma12_usd_T0,2008-2026 CAGR,pct,12.95,12.945428,-0.004572,0.1,True,True
3c. 16 variantes,sma12_usd_T0,2008-2026 MDD,pct,-13.86,-13.861472,-0.001472,0.1,True,True
3c. 16 variantes,sma12_usd_T0,2008-2026 Sharpe,sharpe,0.615,0.614565,-0.000435,0.01,True,True
3c. 16 variantes,sma12_usd_T0,1995-2026 CAGR,pct,16.72,16.718815,-0.001185,0.1,True,True
3c. 16 variantes,sma12_usd_T0,1995-2026 MDD,pct,-13.86,-13.861472,-0.001472,0.1,True,True
3c. 16 variantes,sma6_mxn_T0,1995-2007 CAGR,pct,17.69,17.686868,-0.003132,0.1,True,True
3c. 16 variantes,sma6_mxn_T0,1995-2007 MDD,pct,-20.02,-20.018657,0.001343,0.1,True,True
3c. 16 variantes,sma6_mxn_T0,1995-2007 Sharpe,sharpe,0.02,0.020390,0.000390,0.01,True,True
3c. 16 variantes,sma6_mxn_T0,2008-2026 CAGR,pct,13.09,13.094662,0.004662,0.1,True,True
3c. 16 variantes,sma6_mxn_T0,2008-2026 MDD,pct,-15.1,-15.101186,-0.001186,0.1,True,True
3c. 16 variantes,sma6_mxn_T0,2008-2026 Sharpe,sharpe,0.632,0.632036,0.000036,0.01,True,True
3c. 16 variantes,sma6_mxn_T0,1995-2026 CAGR,pct,14.96,14.957970,-0.002030,0.1,True,True
3c. 16 variantes,sma6_mxn_T0,1995-2026 MDD,pct,-20.02,-20.018657,0.001343,0.1,True,True
3c. 16 variantes,sma8_mxn_T0,1995-2007 CAGR,pct,20.55,20.547820,-0.002180,0.1,True,True
3c. 16 variantes,sma8_mxn_T0,1995-2007 MDD,pct,-12.85,-12.848402,0.001598,0.1,True,True
3c. 16 variantes,sma8_mxn_T0,1995-2007 Sharpe,sharpe,0.212,0.211739,-0.000261,0.01,True,True
3c. 16 variantes,sma8_mxn_T0,2008-2026 CAGR,pct,14.98,14.976629,-0.003371,0.1,True,True
3c. 16 variantes,sma8_mxn_T0,2008-2026 MDD,pct,-11.78,-11.781420,-0.001420,0.1,True,True
3c. 16 variantes,sma8_mxn_T0,2008-2026 Sharpe,sharpe,0.761,0.761447,0.000447,0.01,True,True
3c. 16 variantes,sma8_mxn_T0,1995-2026 CAGR,pct,17.23,17.232111,0.002111,0.1,True,True
3c. 16 variantes,sma8_mxn_T0,1995-2026 MDD,pct,-12.85,-12.848402,0.001598,0.1,True,True
3c. 16 variantes,sma10_mxn_T0,1995-2007 CAGR,pct,18.86,18.855911,-0.004089,0.1,True,True
3c. 16 variantes,sma10_mxn_T0,1995-2007 MDD,pct,-20.36,-20.363670,-0.003670,0.1,True,True
3c. 16 variantes,sma10_mxn_T0,1995-2007 Sharpe,sharpe,0.099,0.098808,-0.000192,0.01,True,True
3c. 16 variantes,sma10_mxn_T0,2008-2026 CAGR,pct,15.23,15.232711,0.002711,0.1,True,True
3c. 16 variantes,sma10_mxn_T0,2008-2026 MDD,pct,-12.23,-12.227587,0.002413,0.1,True,True
3c. 16 variantes,sma10_mxn_T0,2008-2026 Sharpe,sharpe,0.77,0.770042,0.000042,0.01,True,True
3c. 16 variantes,sma10_mxn_T0,1995-2026 CAGR,pct,16.71,16.706708,-0.003292,0.1,True,True
3c. 16 variantes,sma10_mxn_T0,1995-2026 MDD,pct,-20.36,-20.363670,-0.003670,0.1,True,True
3c. 16 variantes,sma12_mxn_T0,1995-2007 CAGR,pct,20.44,20.442544,0.002544,0.1,True,True
3c. 16 variantes,sma12_mxn_T0,1995-2007 MDD,pct,-12.73,-12.734888,-0.004888,0.1,True,True
3c. 16 variantes,sma12_mxn_T0,1995-2007 Sharpe,sharpe,0.201,0.201429,0.000429,0.01,True,True
3c. 16 variantes,sma12_mxn_T0,2008-2026 CAGR,pct,14.76,14.757091,-0.002909,0.1,True,True
3c. 16 variantes,sma12_mxn_T0,2008-2026 MDD,pct,-13.86,-13.861472,-0.001472,0.1,True,True
3c. 16 variantes,sma12_mxn_T0,2008-2026 Sharpe,sharpe,0.724,0.723901,-0.000099,0.01,True,True
3c. 16 variantes,sma12_mxn_T0,1995-2026 CAGR,pct,17.06,17.058120,-0.001880,0.1,True,True
3c. 16 variantes,sma12_mxn_T0,1995-2026 MDD,pct,-13.86,-13.861472,-0.001472,0.1,True,True
3c. 16 variantes,sma6_usd_T1,1995-2007 CAGR,pct,19.14,19.144578,0.004578,0.1,True,True
3c. 16 variantes,sma6_usd_T1,1995-2007 MDD,pct,-12.45,-12.451393,-0.001393,0.1,True,True
3c. 16 variantes,sma6_usd_T1,1995-2007 Sharpe,sharpe,0.117,0.117429,0.000429,0.01,True,True
3c. 16 variantes,sma6_usd_T1,2008-2026 CAGR,pct,11.63,11.627114,-0.002886,0.1,True,True
3c. 16 variantes,sma6_usd_T1,2008-2026 MDD,pct,-12.09,-12.086601,0.003399,0.1,True,True
3c. 16 variantes,sma6_usd_T1,2008-2026 Sharpe,sharpe,0.544,0.544101,0.000101,0.01,True,True
3c. 16 variantes,sma6_usd_T1,1995-2026 CAGR,pct,14.65,14.653859,0.003859,0.1,True,True
3c. 16 variantes,sma6_usd_T1,1995-2026 MDD,pct,-12.45,-12.451393,-0.001393,0.1,True,True
3c. 16 variantes,sma8_usd_T1,1995-2007 CAGR,pct,20.52,20.515484,-0.004516,0.1,True,True
3c. 16 variantes,sma8_usd_T1,1995-2007 MDD,pct,-10.79,-10.790194,-0.000194,0.1,True,True
3c. 16 variantes,sma8_usd_T1,1995-2007 Sharpe,sharpe,0.217,0.216707,-0.000293,0.01,True,True
3c. 16 variantes,sma8_usd_T1,2008-2026 CAGR,pct,13.49,13.491629,0.001629,0.1,True,True
3c. 16 variantes,sma8_usd_T1,2008-2026 MDD,pct,-21.68,-21.680203,-0.000203,0.1,True,True
3c. 16 variantes,sma8_usd_T1,2008-2026 Sharpe,sharpe,0.665,0.664656,-0.000344,0.01,True,True
3c. 16 variantes,sma8_usd_T1,1995-2026 CAGR,pct,16.32,16.323970,0.003970,0.1,True,True
3c. 16 variantes,sma8_usd_T1,1995-2026 MDD,pct,-21.68,-21.680203,-0.000203,0.1,True,True
3c. 16 variantes,sma10_usd_T1,1995-2007 CAGR,pct,20.83,20.832541,0.002541,0.1,True,True
3c. 16 variantes,sma10_usd_T1,1995-2007 MDD,pct,-10.79,-10.790194,-0.000194,0.1,True,True
3c. 16 variantes,sma10_usd_T1,1995-2007 Sharpe,sharpe,0.239,0.238856,-0.000144,0.01,True,True
3c. 16 variantes,sma10_usd_T1,2008-2026 CAGR,pct,12.16,12.157937,-0.002063,0.1,True,True
3c. 16 variantes,sma10_usd_T1,2008-2026 MDD,pct,-21.68,-21.680203,-0.000203,0.1,True,True
3c. 16 variantes,sma10_usd_T1,2008-2026 Sharpe,sharpe,0.534,0.533811,-0.000189,0.01,True,True
3c. 16 variantes,sma10_usd_T1,1995-2026 CAGR,pct,15.64,15.640837,0.000837,0.1,True,True
3c. 16 variantes,sma10_usd_T1,1995-2026 MDD,pct,-21.68,-21.680203,-0.000203,0.1,True,True
3c. 16 variantes,sma12_usd_T1,1995-2007 CAGR,pct,21.73,21.727508,-0.002492,0.1,True,True
3c. 16 variantes,sma12_usd_T1,1995-2007 MDD,pct,-10.79,-10.790194,-0.000194,0.1,True,True
3c. 16 variantes,sma12_usd_T1,1995-2007 Sharpe,sharpe,0.301,0.300939,-0.000061,0.01,True,True
3c. 16 variantes,sma12_usd_T1,2008-2026 CAGR,pct,12.59,12.592707,0.002707,0.1,True,True
3c. 16 variantes,sma12_usd_T1,2008-2026 MDD,pct,-14.95,-14.953654,-0.003654,0.1,True,True
3c. 16 variantes,sma12_usd_T1,2008-2026 Sharpe,sharpe,0.576,0.575787,-0.000213,0.01,True,True
3c. 16 variantes,sma12_usd_T1,1995-2026 CAGR,pct,16.26,16.256518,-0.003482,0.1,True,True
3c. 16 variantes,sma12_usd_T1,1995-2026 MDD,pct,-14.95,-14.953654,-0.003654,0.1,True,True
3c. 16 variantes,sma6_mxn_T1,1995-2007 CAGR,pct,18.1,18.103901,0.003901,0.1,True,True
3c. 16 variantes,sma6_mxn_T1,1995-2007 MDD,pct,-15.72,-15.721392,-0.001392,0.1,True,True
3c. 16 variantes,sma6_mxn_T1,1995-2007 Sharpe,sharpe,0.045,0.044833,-0.000167,0.01,True,True
3c. 16 variantes,sma6_mxn_T1,2008-2026 CAGR,pct,13.0,12.996437,-0.003563,0.1,True,True
3c. 16 variantes,sma6_mxn_T1,2008-2026 MDD,pct,-16.71,-16.708593,0.001407,0.1,True,True
3c. 16 variantes,sma6_mxn_T1,2008-2026 Sharpe,sharpe,0.605,0.604611,-0.000389,0.01,True,True
3c. 16 variantes,sma6_mxn_T1,1995-2026 CAGR,pct,15.07,15.065759,-0.004241,0.1,True,True
3c. 16 variantes,sma6_mxn_T1,1995-2026 MDD,pct,-16.71,-16.708593,0.001407,0.1,True,True
3c. 16 variantes,sma8_mxn_T1,1995-2007 CAGR,pct,20.05,20.054124,0.004124,0.1,True,True
3c. 16 variantes,sma8_mxn_T1,1995-2007 MDD,pct,-11.09,-11.092310,-0.002310,0.1,True,True
3c. 16 variantes,sma8_mxn_T1,1995-2007 Sharpe,sharpe,0.184,0.184362,0.000362,0.01,True,True
3c. 16 variantes,sma8_mxn_T1,2008-2026 CAGR,pct,15.27,15.265818,-0.004182,0.1,True,True
3c. 16 variantes,sma8_mxn_T1,2008-2026 MDD,pct,-12.71,-12.707876,0.002124,0.1,True,True
3c. 16 variantes,sma8_mxn_T1,2008-2026 Sharpe,sharpe,0.761,0.761459,0.000459,0.01,True,True
3c. 16 variantes,sma8_mxn_T1,1995-2026 CAGR,pct,17.21,17.207857,-0.002143,0.1,True,True
3c. 16 variantes,sma8_mxn_T1,1995-2026 MDD,pct,-12.71,-12.707876,0.002124,0.1,True,True
3c. 16 variantes,sma10_mxn_T1,1995-2007 CAGR,pct,18.26,18.261445,0.001445,0.1,True,True
3c. 16 variantes,sma10_mxn_T1,1995-2007 MDD,pct,-19.0,-18.998504,0.001496,0.1,True,True
3c. 16 variantes,sma10_mxn_T1,1995-2007 Sharpe,sharpe,0.056,0.056008,0.000008,0.01,True,True
3c. 16 variantes,sma10_mxn_T1,2008-2026 CAGR,pct,15.5,15.503874,0.003874,0.1,True,True
3c. 16 variantes,sma10_mxn_T1,2008-2026 MDD,pct,-12.71,-12.707876,0.002124,0.1,True,True
3c. 16 variantes,sma10_mxn_T1,2008-2026 Sharpe,sharpe,0.772,0.772321,0.000321,0.01,True,True
3c. 16 variantes,sma10_mxn_T1,1995-2026 CAGR,pct,16.63,16.627985,-0.002015,0.1,True,True
3c. 16 variantes,sma10_mxn_T1,1995-2026 MDD,pct,-19.0,-18.998504,0.001496,0.1,True,True
3c. 16 variantes,sma12_mxn_T1,1995-2007 CAGR,pct,19.61,19.614756,0.004756,0.1,True,True
3c. 16 variantes,sma12_mxn_T1,1995-2007 MDD,pct,-11.25,-11.249831,0.000169,0.1,True,True
3c. 16 variantes,sma12_mxn_T1,1995-2007 Sharpe,sharpe,0.151,0.150502,-0.000498,0.01,True,True
3c. 16 variantes,sma12_mxn_T1,2008-2026 CAGR,pct,14.85,14.852676,0.002676,0.1,True,True
3c. 16 variantes,sma12_mxn_T1,2008-2026 MDD,pct,-13.55,-13.554632,-0.004632,0.1,True,True
3c. 16 variantes,sma12_mxn_T1,2008-2026 Sharpe,sharpe,0.715,0.715274,0.000274,0.01,True,True
3c. 16 variantes,sma12_mxn_T1,1995-2026 CAGR,pct,16.78,16.784122,0.004122,0.1,True,True
3c. 16 variantes,sma12_mxn_T1,1995-2026 MDD,pct,-13.55,-13.554632,-0.004632,0.1,True,True
3c. 16 variantes,bh_T0,1995-2007 CAGR,pct,18.01,18.008689,-0.001311,0.1,True,True
3c. 16 variantes,bh_T0,1995-2007 MDD,pct,-39.87,-39.866729,0.003271,0.1,True,True
3c. 16 variantes,bh_T0,1995-2007 Sharpe,sharpe,0.058,0.057564,-0.000436,0.01,True,True
3c. 16 variantes,bh_T0,2008-2026 CAGR,pct,13.97,13.965313,-0.004687,0.1,True,True
3c. 16 variantes,bh_T0,2008-2026 MDD,pct,-28.43,-28.434219,-0.004219,0.1,True,True
3c. 16 variantes,bh_T0,2008-2026 Sharpe,sharpe,0.579,0.579107,0.000107,0.01,True,True
3c. 16 variantes,bh_T0,1995-2026 CAGR,pct,15.61,15.608340,-0.001660,0.1,True,True
3c. 16 variantes,bh_T0,1995-2026 MDD,pct,-39.87,-39.866729,0.003271,0.1,True,True
3c. 16 variantes,bh_T1,1995-2007 CAGR,pct,17.02,17.019940,-0.000060,0.1,True,True
3c. 16 variantes,bh_T1,1995-2007 MDD,pct,-36.26,-36.256223,0.003777,0.1,True,True
3c. 16 variantes,bh_T1,1995-2007 Sharpe,sharpe,-0.006,-0.006206,-0.000206,0.01,True,True
3c. 16 variantes,bh_T1,2008-2026 CAGR,pct,13.97,13.969456,-0.000544,0.1,True,True
3c. 16 variantes,bh_T1,2008-2026 MDD,pct,-29.5,-29.504802,-0.004802,0.1,True,True
3c. 16 variantes,bh_T1,2008-2026 Sharpe,sharpe,0.552,0.552183,0.000183,0.01,True,True
3c. 16 variantes,bh_T1,1995-2026 CAGR,pct,15.21,15.211933,0.001933,0.1,True,True
3c. 16 variantes,bh_T1,1995-2026 MDD,pct,-36.26,-36.256223,0.003777,0.1,True,True
3c. 16 variantes,parejas 2008-2026 que favorecen MXN,numero,entero,8.0,8,0.000000,0,True,True
3c. 16 variantes,parejas 1995-2007 con mas CAGR en USD,numero,entero,6.0,6,0.000000,0,True,True
3c. 16 variantes,parejas 1995-2007 con mas CAGR en USD,lista,categoria,"sma10_T0, sma10_T1, sma12_T0, sma12_T1, sma6_T1, sma8_T1","sma10_T0, sma10_T1, sma12_T0, sma12_T1, sma6_T1, sma8_T1",,igual,True,True
3c. 16 variantes,rango MDD 16 variantes 2008-2026,menos profunda,pct,-10.4,-10.409538,-0.009538,0.1,True,True
3c. 16 variantes,rango MDD 16 variantes 2008-2026,mas profunda,pct,-21.7,-21.680203,0.019797,0.1,True,True
3c. 16 variantes,MDD comprar y mantener 2008-2026,menos profunda,pct,-28.4,-28.434219,-0.034219,0.1,True,True
3c. 16 variantes,MDD comprar y mantener 2008-2026,mas profunda,pct,-29.5,-29.504802,-0.004802,0.1,True,True
3c. 16 variantes,las 16 con MDD menor que comprar y mantener (2008-2026),todas,categoria,True,True,,igual,True,True
3c. 16 variantes,rango MDD 16 variantes 1995-2007,menos profunda,pct,-8.7,-8.662613,0.037387,0.1,True,True
3c. 16 variantes,rango MDD 16 variantes 1995-2007,mas profunda,pct,-20.4,-20.363670,0.036330,0.1,True,True
3c. 16 variantes,MDD comprar y mantener 1995-2007,menos profunda,pct,-36.3,-36.256223,0.043777,0.1,True,True
3c. 16 variantes,MDD comprar y mantener 1995-2007,mas profunda,pct,-39.9,-39.866729,0.033271,0.1,True,True
3c. 16 variantes,las 16 con MDD menor que comprar y mantener (1995-2007),todas,categoria,True,True,,igual,True,True
3d. NW SMA10 - comprar y mantener,sma10_mxn_T1|2008-2026,n,entero,224.0,224,0.000000,0,True,True
3d. NW SMA10 - comprar y mantener,sma10_mxn_T1|2008-2026,media %/mes,media,0.082,0.082270,0.000270,0.01,True,True
3d. NW SMA10 - comprar y mantener,sma10_mxn_T1|2008-2026,x12,x12,0.99,0.987241,-0.002759,0.12,True,True
3d. NW SMA10 - comprar y mantener,sma10_mxn_T1|2008-2026,t NW(6),t,0.55,0.547095,-0.002905,0.05,True,True
3d. NW SMA10 - comprar y mantener,sma10_mxn_T1|2008-2026,IC95 inferior,media,-0.212,-0.212462,-0.000462,0.01,True,True
3d. NW SMA10 - comprar y mantener,sma10_mxn_T1|2008-2026,IC95 superior,media,0.377,0.377002,0.000002,0.01,True,True
3d. NW SMA10 - comprar y mantener,sma10_mxn_T1|2008-2026,veredicto,categoria,inconcluso,inconcluso,,igual,True,True
3d. NW SMA10 - comprar y mantener,sma10_mxn_T1|1995-2007,n,entero,156.0,156,0.000000,0,True,True
3d. NW SMA10 - comprar y mantener,sma10_mxn_T1|1995-2007,media %/mes,media,0.064,0.064058,0.000058,0.01,True,True
3d. NW SMA10 - comprar y mantener,sma10_mxn_T1|1995-2007,x12,x12,0.77,0.768697,-0.001303,0.12,True,True
3d. NW SMA10 - comprar y mantener,sma10_mxn_T1|1995-2007,t NW(6),t,0.34,0.344948,0.004948,0.05,True,True
3d. NW SMA10 - comprar y mantener,sma10_mxn_T1|1995-2007,IC95 inferior,media,-0.3,-0.299914,0.000086,0.01,True,True
3d. NW SMA10 - comprar y mantener,sma10_mxn_T1|1995-2007,IC95 superior,media,0.428,0.428030,0.000030,0.01,True,True
3d. NW SMA10 - comprar y mantener,sma10_mxn_T1|1995-2007,veredicto,categoria,inconcluso,inconcluso,,igual,True,True
3d. NW SMA10 - comprar y mantener,sma10_mxn_T1|1995-2026,n,entero,380.0,380,0.000000,0,True,True
3d. NW SMA10 - comprar y mantener,sma10_mxn_T1|1995-2026,media %/mes,media,0.075,0.074794,-0.000206,0.01,True,True
3d. NW SMA10 - comprar y mantener,sma10_mxn_T1|1995-2026,x12,x12,0.9,0.897523,-0.002477,0.12,True,True
3d. NW SMA10 - comprar y mantener,sma10_mxn_T1|1995-2026,t NW(6),t,0.64,0.641229,0.001229,0.05,True,True
3d. NW SMA10 - comprar y mantener,sma10_mxn_T1|1995-2026,IC95 inferior,media,-0.154,-0.153819,0.000181,0.01,True,True
3d. NW SMA10 - comprar y mantener,sma10_mxn_T1|1995-2026,IC95 superior,media,0.303,0.303406,0.000406,0.01,True,True
3d. NW SMA10 - comprar y mantener,sma10_mxn_T1|1995-2026,veredicto,categoria,inconcluso,inconcluso,,igual,True,True
3d. NW SMA10 - comprar y mantener,sma10_mxn_T0|2008-2026,n,entero,224.0,224,0.000000,0,True,True
3d. NW SMA10 - comprar y mantener,sma10_mxn_T0|2008-2026,media %/mes,media,0.07,0.069930,-0.000070,0.01,True,True
3d. NW SMA10 - comprar y mantener,sma10_mxn_T0|2008-2026,x12,x12,0.84,0.839157,-0.000843,0.12,True,True
3d. NW SMA10 - comprar y mantener,sma10_mxn_T0|2008-2026,t NW(6),t,0.46,0.460259,0.000259,0.05,True,True
3d. NW SMA10 - comprar y mantener,sma10_mxn_T0|2008-2026,IC95 inferior,media,-0.228,-0.227859,0.000141,0.01,True,True
3d. NW SMA10 - comprar y mantener,sma10_mxn_T0|2008-2026,IC95 superior,media,0.368,0.367718,-0.000282,0.01,True,True
3d. NW SMA10 - comprar y mantener,sma10_mxn_T0|2008-2026,veredicto,categoria,inconcluso,inconcluso,,igual,True,True
3d. NW SMA10 - comprar y mantener,sma10_mxn_T0|1995-2007,n,entero,156.0,156,0.000000,0,True,True
3d. NW SMA10 - comprar y mantener,sma10_mxn_T0|1995-2007,media %/mes,media,0.035,0.034599,-0.000401,0.01,True,True
3d. NW SMA10 - comprar y mantener,sma10_mxn_T0|1995-2007,x12,x12,0.42,0.415191,-0.004809,0.12,True,True
3d. NW SMA10 - comprar y mantener,sma10_mxn_T0|1995-2007,t NW(6),t,0.18,0.178195,-0.001805,0.05,True,True
3d. NW SMA10 - comprar y mantener,sma10_mxn_T0|1995-2007,IC95 inferior,media,-0.346,-0.345957,0.000043,0.01,True,True
3d. NW SMA10 - comprar y mantener,sma10_mxn_T0|1995-2007,IC95 superior,media,0.415,0.415156,0.000156,0.01,True,True
3d. NW SMA10 - comprar y mantener,sma10_mxn_T0|1995-2007,veredicto,categoria,inconcluso,inconcluso,,igual,True,True
3d. NW SMA10 - comprar y mantener,sma10_usd_T1|2008-2026,n,entero,224.0,224,0.000000,0,True,True
3d. NW SMA10 - comprar y mantener,sma10_usd_T1|2008-2026,media %/mes,media,-0.169,-0.169090,-0.000090,0.01,True,True
3d. NW SMA10 - comprar y mantener,sma10_usd_T1|2008-2026,x12,x12,-2.03,-2.029080,0.000920,0.12,True,True
3d. NW SMA10 - comprar y mantener,sma10_usd_T1|2008-2026,t NW(6),t,-1.01,-1.011333,-0.001333,0.05,True,True
3d. NW SMA10 - comprar y mantener,sma10_usd_T1|2008-2026,IC95 inferior,media,-0.497,-0.496786,0.000214,0.01,True,True
3d. NW SMA10 - comprar y mantener,sma10_usd_T1|2008-2026,IC95 superior,media,0.159,0.158606,-0.000394,0.01,True,True
3d. NW SMA10 - comprar y mantener,sma10_usd_T1|2008-2026,veredicto,categoria,inconcluso,inconcluso,,igual,True,True
3d. NW SMA10 - comprar y mantener,sma10_usd_T1|1995-2007,n,entero,156.0,156,0.000000,0,True,True
3d. NW SMA10 - comprar y mantener,sma10_usd_T1|1995-2007,media %/mes,media,0.24,0.240138,0.000138,0.01,True,True
3d. NW SMA10 - comprar y mantener,sma10_usd_T1|1995-2007,x12,x12,2.88,2.881654,0.001654,0.12,True,True
3d. NW SMA10 - comprar y mantener,sma10_usd_T1|1995-2007,t NW(6),t,1.19,1.185272,-0.004728,0.05,True,True
3d. NW SMA10 - comprar y mantener,sma10_usd_T1|1995-2007,IC95 inferior,media,-0.157,-0.156954,0.000046,0.01,True,True
3d. NW SMA10 - comprar y mantener,sma10_usd_T1|1995-2007,IC95 superior,media,0.637,0.637229,0.000229,0.01,True,True
3d. NW SMA10 - comprar y mantener,sma10_usd_T1|1995-2007,veredicto,categoria,inconcluso,inconcluso,,igual,True,True
3d. NW SMA10 - comprar y mantener,sma10_usd_T0|2008-2026,n,entero,224.0,224,0.000000,0,True,True
3d. NW SMA10 - comprar y mantener,sma10_usd_T0|2008-2026,media %/mes,media,-0.154,-0.153969,0.000031,0.01,True,True
3d. NW SMA10 - comprar y mantener,sma10_usd_T0|2008-2026,x12,x12,-1.85,-1.847627,0.002373,0.12,True,True
3d. NW SMA10 - comprar y mantener,sma10_usd_T0|2008-2026,t NW(6),t,-0.93,-0.929531,0.000469,0.05,True,True
3d. NW SMA10 - comprar y mantener,sma10_usd_T0|2008-2026,IC95 inferior,media,-0.479,-0.478620,0.000380,0.01,True,True
3d. NW SMA10 - comprar y mantener,sma10_usd_T0|2008-2026,IC95 superior,media,0.171,0.170683,-0.000317,0.01,True,True
3d. NW SMA10 - comprar y mantener,sma10_usd_T0|2008-2026,veredicto,categoria,inconcluso,inconcluso,,igual,True,True
3d. NW SMA10 - comprar y mantener,sma10_usd_T0|1995-2007,n,entero,156.0,156,0.000000,0,True,True
3d. NW SMA10 - comprar y mantener,sma10_usd_T0|1995-2007,media %/mes,media,0.194,0.194383,0.000383,0.01,True,True
3d. NW SMA10 - comprar y mantener,sma10_usd_T0|1995-2007,x12,x12,2.33,2.332594,0.002594,0.12,True,True
3d. NW SMA10 - comprar y mantener,sma10_usd_T0|1995-2007,t NW(6),t,0.91,0.909251,-0.000749,0.05,True,True
3d. NW SMA10 - comprar y mantener,sma10_usd_T0|1995-2007,IC95 inferior,media,-0.225,-0.224625,0.000375,0.01,True,True
3d. NW SMA10 - comprar y mantener,sma10_usd_T0|1995-2007,IC95 superior,media,0.613,0.613391,0.000391,0.01,True,True
3d. NW SMA10 - comprar y mantener,sma10_usd_T0|1995-2007,veredicto,categoria,inconcluso,inconcluso,,igual,True,True
3e. Sharpe deflactado,2008-2026,mejor variante,categoria,sma10_mxn_T1,sma10_mxn_T1,,igual,True,True
3e. Sharpe deflactado,2008-2026|sma10_mxn_T1|N16,Sharpe anual,sharpe,0.772,0.772321,0.000321,0.01,True,True
3e. Sharpe deflactado,2008-2026|sma10_mxn_T1|N16,SR0 anual,sharpe,0.159,0.158881,-0.000119,0.01,True,True
3e. Sharpe deflactado,2008-2026|sma10_mxn_T1|N16,PSR,prob,0.9997,0.999674,-0.000026,0.005,True,True
3e. Sharpe deflactado,2008-2026|sma10_mxn_T1|N16,DSR,prob,0.9966,0.996615,0.000015,0.005,True,True
3e. Sharpe deflactado,2008-2026|sma10_mxn_T1|N16,>= 0.95,categoria,True,True,,igual,True,True
3e. Sharpe deflactado,2008-2026|sma10_mxn_T0|N16,Sharpe anual,sharpe,0.77,0.770042,0.000042,0.01,True,True
3e. Sharpe deflactado,2008-2026|sma10_mxn_T0|N16,SR0 anual,sharpe,0.159,0.158881,-0.000119,0.01,True,True
3e. Sharpe deflactado,2008-2026|sma10_mxn_T0|N16,PSR,prob,0.9996,0.999649,0.000049,0.005,True,True
3e. Sharpe deflactado,2008-2026|sma10_mxn_T0|N16,DSR,prob,0.9964,0.996423,0.000023,0.005,True,True
3e. Sharpe deflactado,2008-2026|sma10_mxn_T0|N16,>= 0.95,categoria,True,True,,igual,True,True
3e. Sharpe deflactado,2008-2026|sma10_usd_T1|N16,Sharpe anual,sharpe,0.534,0.533811,-0.000189,0.01,True,True
3e. Sharpe deflactado,2008-2026|sma10_usd_T1|N16,SR0 anual,sharpe,0.159,0.158881,-0.000119,0.01,True,True
3e. Sharpe deflactado,2008-2026|sma10_usd_T1|N16,PSR,prob,0.9887,0.988661,-0.000039,0.005,True,True
3e. Sharpe deflactado,2008-2026|sma10_usd_T1|N16,DSR,prob,0.9453,0.945263,-0.000037,0.005,True,True
3e. Sharpe deflactado,2008-2026|sma10_usd_T1|N16,>= 0.95,categoria,False,False,,igual,True,True
3e. Sharpe deflactado,2008-2026|sma10_mxn_T1|N100,Sharpe anual,sharpe,0.772,0.772321,0.000321,0.01,True,True
3e. Sharpe deflactado,2008-2026|sma10_mxn_T1|N100,SR0 anual,sharpe,0.223,0.223312,0.000312,0.01,True,True
3e. Sharpe deflactado,2008-2026|sma10_mxn_T1|N100,PSR,prob,0.9997,0.999674,-0.000026,0.005,True,True
3e. Sharpe deflactado,2008-2026|sma10_mxn_T1|N100,DSR,prob,0.9923,0.992315,0.000015,0.005,True,True
3e. Sharpe deflactado,2008-2026|sma10_mxn_T1|N100,>= 0.95,categoria,True,True,,igual,True,True
3e. Sharpe deflactado,1995-2007|sma10_mxn_T1|N16,Sharpe anual,sharpe,0.056,0.056008,0.000008,0.01,True,True
3e. Sharpe deflactado,1995-2007|sma10_mxn_T1|N16,SR0 anual,sharpe,0.185,0.184902,-0.000098,0.01,True,True
3e. Sharpe deflactado,1995-2007|sma10_mxn_T1|N16,PSR,prob,0.5796,0.579569,-0.000031,0.005,True,True
3e. Sharpe deflactado,1995-2007|sma10_mxn_T1|N16,DSR,prob,0.322,0.322008,0.000008,0.005,True,True
3e. Sharpe deflactado,1995-2007|sma10_mxn_T1|N16,>= 0.95,categoria,False,False,,igual,True,True
3e. Sharpe deflactado,1995-2007|sma10_mxn_T0|N16,Sharpe anual,sharpe,0.099,0.098808,-0.000192,0.01,True,True
3e. Sharpe deflactado,1995-2007|sma10_mxn_T0|N16,SR0 anual,sharpe,0.185,0.184902,-0.000098,0.01,True,True
3e. Sharpe deflactado,1995-2007|sma10_mxn_T0|N16,PSR,prob,0.6389,0.638925,0.000025,0.005,True,True
3e. Sharpe deflactado,1995-2007|sma10_mxn_T0|N16,DSR,prob,0.378,0.378345,0.000345,0.005,True,True
3e. Sharpe deflactado,1995-2007|sma10_mxn_T0|N16,>= 0.95,categoria,False,False,,igual,True,True
3e. Sharpe deflactado,1995-2007,mejor variante,categoria,sma12_usd_T0,sma12_usd_T0,,igual,True,True
3e. Sharpe deflactado,1995-2007|sma12_usd_T0|N16,Sharpe anual,sharpe,0.329,0.328507,-0.000493,0.01,True,True
3e. Sharpe deflactado,1995-2007|sma12_usd_T0|N16,SR0 anual,sharpe,0.185,0.184902,-0.000098,0.01,True,True
3e. Sharpe deflactado,1995-2007|sma12_usd_T0|N16,PSR,prob,0.8823,0.882281,-0.000019,0.005,True,True
3e. Sharpe deflactado,1995-2007|sma12_usd_T0|N16,DSR,prob,0.698,0.698001,0.000001,0.005,True,True
3e. Sharpe deflactado,1995-2007|sma12_usd_T0|N16,>= 0.95,categoria,False,False,,igual,True,True
3e. Sharpe deflactado,PSR comprar y mantener T0,2008-2026,prob,0.993,0.993299,0.000299,0.005,True,True
3e. Sharpe deflactado,PSR comprar y mantener T1,2008-2026,prob,0.991,0.991285,0.000285,0.005,True,True
3e. Sharpe deflactado,PSR comprar y mantener T0,1995-2007,prob,0.58,0.581895,0.001895,0.005,True,True
3e. Sharpe deflactado,PSR comprar y mantener T1,1995-2007,prob,0.49,0.491100,0.001100,0.005,True,True
3f. Sensibilidades SMA10 2008-2026,base,mxn_T1 CAGR,pct,15.5,15.503874,0.003874,0.1,True,True
3f. Sensibilidades SMA10 2008-2026,base,mxn_T1 MDD,pct,-12.71,-12.707876,0.002124,0.1,True,True
3f. Sensibilidades SMA10 2008-2026,base,usd_T1 CAGR,pct,12.16,12.157937,-0.002063,0.1,True,True
3f. Sensibilidades SMA10 2008-2026,base,usd_T1 MDD,pct,-21.68,-21.680203,-0.000203,0.1,True,True
3f. Sensibilidades SMA10 2008-2026,base,bh_T1 CAGR,pct,13.97,13.969456,-0.000544,0.1,True,True
3f. Sensibilidades SMA10 2008-2026,base,bh_T1 MDD,pct,-29.5,-29.504802,-0.004802,0.1,True,True
3f. Sensibilidades SMA10 2008-2026,base,mxn_T0 CAGR,pct,15.23,15.232711,0.002711,0.1,True,True
3f. Sensibilidades SMA10 2008-2026,base,mxn_T0 MDD,pct,-12.23,-12.227587,0.002413,0.1,True,True
3f. Sensibilidades SMA10 2008-2026,base,bh_T0 CAGR,pct,13.97,13.965313,-0.004687,0.1,True,True
3f. Sensibilidades SMA10 2008-2026,base,bh_T0 MDD,pct,-28.43,-28.434219,-0.004219,0.1,True,True
3f. Sensibilidades SMA10 2008-2026,sin_costos,mxn_T1 CAGR,pct,15.88,15.883886,0.003886,0.1,True,True
3f. Sensibilidades SMA10 2008-2026,sin_costos,mxn_T1 MDD,pct,-12.71,-12.707876,0.002124,0.1,True,True
3f. Sensibilidades SMA10 2008-2026,sin_costos,usd_T1 CAGR,pct,12.81,12.814784,0.004784,0.1,True,True
3f. Sensibilidades SMA10 2008-2026,sin_costos,usd_T1 MDD,pct,-20.06,-20.063293,-0.003293,0.1,True,True
3f. Sensibilidades SMA10 2008-2026,sin_costos,bh_T1 CAGR,pct,13.97,13.969456,-0.000544,0.1,True,True
3f. Sensibilidades SMA10 2008-2026,sin_costos,bh_T1 MDD,pct,-29.5,-29.504802,-0.004802,0.1,True,True
3f. Sensibilidades SMA10 2008-2026,sin_costos,mxn_T0 CAGR,pct,15.61,15.611775,0.001775,0.1,True,True
3f. Sensibilidades SMA10 2008-2026,sin_costos,mxn_T0 MDD,pct,-12.23,-12.227587,0.002413,0.1,True,True
3f. Sensibilidades SMA10 2008-2026,sin_costos,bh_T0 CAGR,pct,13.97,13.965313,-0.004687,0.1,True,True
3f. Sensibilidades SMA10 2008-2026,sin_costos,bh_T0 MDD,pct,-28.43,-28.434219,-0.004219,0.1,True,True
3f. Sensibilidades SMA10 2008-2026,spread_medio,mxn_T1 CAGR,pct,15.39,15.392097,0.002097,0.1,True,True
3f. Sensibilidades SMA10 2008-2026,spread_medio,mxn_T1 MDD,pct,-12.71,-12.707876,0.002124,0.1,True,True
3f. Sensibilidades SMA10 2008-2026,spread_medio,usd_T1 CAGR,pct,11.97,11.965051,-0.004949,0.1,True,True
3f. Sensibilidades SMA10 2008-2026,spread_medio,usd_T1 MDD,pct,-22.15,-22.150544,-0.000544,0.1,True,True
3f. Sensibilidades SMA10 2008-2026,spread_medio,bh_T1 CAGR,pct,13.97,13.969456,-0.000544,0.1,True,True
3f. Sensibilidades SMA10 2008-2026,spread_medio,bh_T1 MDD,pct,-29.5,-29.504802,-0.004802,0.1,True,True
3f. Sensibilidades SMA10 2008-2026,spread_medio,mxn_T0 CAGR,pct,15.12,15.121212,0.001212,0.1,True,True
3f. Sensibilidades SMA10 2008-2026,spread_medio,mxn_T0 MDD,pct,-12.23,-12.227587,0.002413,0.1,True,True
3f. Sensibilidades SMA10 2008-2026,spread_medio,bh_T0 CAGR,pct,13.97,13.965313,-0.004687,0.1,True,True
3f. Sensibilidades SMA10 2008-2026,spread_medio,bh_T0 MDD,pct,-28.43,-28.434219,-0.004219,0.1,True,True
3f. Sensibilidades SMA10 2008-2026,doble_pierna,mxn_T1 CAGR,pct,15.12,15.123815,0.003815,0.1,True,True
3f. Sensibilidades SMA10 2008-2026,doble_pierna,mxn_T1 MDD,pct,-12.72,-12.723955,-0.003955,0.1,True,True
3f. Sensibilidades SMA10 2008-2026,doble_pierna,usd_T1 CAGR,pct,11.5,11.502690,0.002690,0.1,True,True
3f. Sensibilidades SMA10 2008-2026,doble_pierna,usd_T1 MDD,pct,-23.27,-23.269767,0.000233,0.1,True,True
3f. Sensibilidades SMA10 2008-2026,doble_pierna,bh_T1 CAGR,pct,13.97,13.969456,-0.000544,0.1,True,True
3f. Sensibilidades SMA10 2008-2026,doble_pierna,bh_T1 MDD,pct,-29.5,-29.504802,-0.004802,0.1,True,True
3f. Sensibilidades SMA10 2008-2026,doble_pierna,mxn_T0 CAGR,pct,14.85,14.853600,0.003600,0.1,True,True
3f. Sensibilidades SMA10 2008-2026,doble_pierna,mxn_T0 MDD,pct,-12.23,-12.227587,0.002413,0.1,True,True
3f. Sensibilidades SMA10 2008-2026,doble_pierna,bh_T0 CAGR,pct,13.97,13.965313,-0.004687,0.1,True,True
3f. Sensibilidades SMA10 2008-2026,doble_pierna,bh_T0 MDD,pct,-28.43,-28.434219,-0.004219,0.1,True,True
3f. Sensibilidades SMA10 2008-2026,sp500tr,mxn_T1 CAGR,pct,15.48,15.478549,-0.001451,0.1,True,True
3f. Sensibilidades SMA10 2008-2026,sp500tr,mxn_T1 MDD,pct,-12.7,-12.704153,-0.004153,0.1,True,True
3f. Sensibilidades SMA10 2008-2026,sp500tr,usd_T1 CAGR,pct,12.26,12.257754,-0.002246,0.1,True,True
3f. Sensibilidades SMA10 2008-2026,sp500tr,usd_T1 MDD,pct,-21.69,-21.692524,-0.002524,0.1,True,True
3f. Sensibilidades SMA10 2008-2026,sp500tr,bh_T1 CAGR,pct,14.09,14.085766,-0.004234,0.1,True,True
3f. Sensibilidades SMA10 2008-2026,sp500tr,bh_T1 MDD,pct,-29.55,-29.546805,0.003195,0.1,True,True
3f. Sensibilidades SMA10 2008-2026,sp500tr,mxn_T0 CAGR,pct,15.31,15.305378,-0.004622,0.1,True,True
3f. Sensibilidades SMA10 2008-2026,sp500tr,mxn_T0 MDD,pct,-12.15,-12.149977,0.000023,0.1,True,True
3f. Sensibilidades SMA10 2008-2026,sp500tr,bh_T0 CAGR,pct,14.05,14.048688,-0.001312,0.1,True,True
3f. Sensibilidades SMA10 2008-2026,sp500tr,bh_T0 MDD,pct,-28.76,-28.755207,0.004793,0.1,True,True
3f. Sensibilidades SMA10 2008-2026,fix,mxn_T1 CAGR,pct,15.37,15.368913,-0.001087,0.1,True,True
3f. Sensibilidades SMA10 2008-2026,fix,mxn_T1 MDD,pct,-12.78,-12.782943,-0.002943,0.1,True,True
3f. Sensibilidades SMA10 2008-2026,fix,usd_T1 CAGR,pct,12.13,12.133077,0.003077,0.1,True,True
3f. Sensibilidades SMA10 2008-2026,fix,usd_T1 MDD,pct,-21.84,-21.838637,0.001363,0.1,True,True
3f. Sensibilidades SMA10 2008-2026,fix,bh_T1 CAGR,pct,13.98,13.978408,-0.001592,0.1,True,True
3f. Sensibilidades SMA10 2008-2026,fix,bh_T1 MDD,pct,-29.66,-29.661442,-0.001442,0.1,True,True
3f. Sensibilidades SMA10 2008-2026,fix,mxn_T0 CAGR,pct,15.33,15.333886,0.003886,0.1,True,True
3f. Sensibilidades SMA10 2008-2026,fix,mxn_T0 MDD,pct,-12.05,-12.051850,-0.001850,0.1,True,True
3f. Sensibilidades SMA10 2008-2026,fix,bh_T0 CAGR,pct,13.97,13.968353,-0.001647,0.1,True,True
3f. Sensibilidades SMA10 2008-2026,fix,bh_T0 MDD,pct,-28.51,-28.512688,-0.002688,0.1,True,True
3f. Sensibilidades SMA10 2008-2026,mxnx,mxn_T1 CAGR,pct,15.99,15.994174,0.004174,0.1,True,True
3f. Sensibilidades SMA10 2008-2026,mxnx,mxn_T1 MDD,pct,-12.28,-12.282253,-0.002253,0.1,True,True
3f. Sensibilidades SMA10 2008-2026,mxnx,usd_T1 CAGR,pct,12.14,12.141404,0.001404,0.1,True,True
3f. Sensibilidades SMA10 2008-2026,mxnx,usd_T1 MDD,pct,-21.99,-21.989026,0.000974,0.1,True,True
3f. Sensibilidades SMA10 2008-2026,mxnx,bh_T1 CAGR,pct,13.99,13.985535,-0.004465,0.1,True,True
3f. Sensibilidades SMA10 2008-2026,mxnx,bh_T1 MDD,pct,-29.46,-29.461172,-0.001172,0.1,True,True
3f. Sensibilidades SMA10 2008-2026,mxnx,mxn_T0 CAGR,pct,15.33,15.325395,-0.004605,0.1,True,True
3f. Sensibilidades SMA10 2008-2026,mxnx,mxn_T0 MDD,pct,-11.42,-11.417549,0.002451,0.1,True,True
3f. Sensibilidades SMA10 2008-2026,mxnx,bh_T0 CAGR,pct,13.99,13.986785,-0.003215,0.1,True,True
3f. Sensibilidades SMA10 2008-2026,mxnx,bh_T0 MDD,pct,-27.11,-27.105018,0.004982,0.1,True,True
3f. Sensibilidades SMA10 2008-2026,senal_close,mxn_T1 CAGR,pct,15.52,15.523287,0.003287,0.1,True,True
3f. Sensibilidades SMA10 2008-2026,senal_close,mxn_T1 MDD,pct,-12.71,-12.707876,0.002124,0.1,True,True
3f. Sensibilidades SMA10 2008-2026,senal_close,usd_T1 CAGR,pct,12.3,12.295874,-0.004126,0.1,True,True
3f. Sensibilidades SMA10 2008-2026,senal_close,usd_T1 MDD,pct,-21.68,-21.680203,-0.000203,0.1,True,True
3f. Sensibilidades SMA10 2008-2026,senal_close,mxn_T0 CAGR,pct,15.72,15.718839,-0.001161,0.1,True,True
3f. Sensibilidades SMA10 2008-2026,senal_close,mxn_T0 MDD,pct,-11.78,-11.781420,-0.001420,0.1,True,True
3f. Sensibilidades SMA10 2008-2026,div_net30,mxn_T1 CAGR,pct,15.12,15.115607,-0.004393,0.1,True,True
3f. Sensibilidades SMA10 2008-2026,div_net30,mxn_T1 MDD,pct,-12.85,-12.852491,-0.002491,0.1,True,True
3f. Sensibilidades SMA10 2008-2026,div_net30,usd_T1 CAGR,pct,11.7,11.704839,0.004839,0.1,True,True
3f. Sensibilidades SMA10 2008-2026,div_net30,usd_T1 MDD,pct,-21.78,-21.784629,-0.004629,0.1,True,True
3f. Sensibilidades SMA10 2008-2026,div_net30,bh_T1 CAGR,pct,13.35,13.353632,0.003632,0.1,True,True
3f. Sensibilidades SMA10 2008-2026,div_net30,bh_T1 MDD,pct,-30.01,-30.014369,-0.004369,0.1,True,True
3f. Sensibilidades SMA10 2008-2026,div_net30,mxn_T0 CAGR,pct,15.09,15.086145,-0.003855,0.1,True,True
3f. Sensibilidades SMA10 2008-2026,div_net30,mxn_T0 MDD,pct,-12.31,-12.306626,0.003374,0.1,True,True
3f. Sensibilidades SMA10 2008-2026,div_net30,bh_T0 CAGR,pct,13.35,13.349600,-0.000400,0.1,True,True
3f. Sensibilidades SMA10 2008-2026,div_net30,bh_T0 MDD,pct,-28.95,-28.951535,-0.001535,0.1,True,True
3f. Sensibilidades SMA10 2008-2026,cetes_particion,mxn_T1 CAGR,pct,15.49,15.493241,0.003241,0.1,True,True
3f. Sensibilidades SMA10 2008-2026,cetes_particion,mxn_T1 MDD,pct,-12.71,-12.707876,0.002124,0.1,True,True
3f. Sensibilidades SMA10 2008-2026,cetes_particion,usd_T1 CAGR,pct,12.16,12.156502,-0.003498,0.1,True,True
3f. Sensibilidades SMA10 2008-2026,cetes_particion,usd_T1 MDD,pct,-21.83,-21.827453,0.002547,0.1,True,True
3f. Sensibilidades SMA10 2008-2026,cetes_particion,bh_T1 CAGR,pct,13.97,13.969456,-0.000544,0.1,True,True
3f. Sensibilidades SMA10 2008-2026,cetes_particion,bh_T1 MDD,pct,-29.5,-29.504802,-0.004802,0.1,True,True
3f. Sensibilidades SMA10 2008-2026,cetes_particion,mxn_T0 CAGR,pct,15.22,15.224332,0.004332,0.1,True,True
3f. Sensibilidades SMA10 2008-2026,cetes_particion,mxn_T0 MDD,pct,-12.23,-12.227587,0.002413,0.1,True,True
3f. Sensibilidades SMA10 2008-2026,cetes_particion,bh_T0 CAGR,pct,13.97,13.965313,-0.004687,0.1,True,True
3f. Sensibilidades SMA10 2008-2026,cetes_particion,bh_T0 MDD,pct,-28.43,-28.434219,-0.004219,0.1,True,True
3f. Sensibilidades SMA10 2008-2026,aislada_2008,mxn_T1 CAGR,pct,15.52,15.524953,0.004953,0.1,True,True
3f. Sensibilidades SMA10 2008-2026,aislada_2008,mxn_T1 MDD,pct,-12.71,-12.707876,0.002124,0.1,True,True
3f. Sensibilidades SMA10 2008-2026,aislada_2008,usd_T1 CAGR,pct,12.18,12.178406,-0.001594,0.1,True,True
3f. Sensibilidades SMA10 2008-2026,aislada_2008,usd_T1 MDD,pct,-21.68,-21.680203,-0.000203,0.1,True,True
3f. Sensibilidades SMA10 2008-2026,aislada_2008,bh_T1 CAGR,pct,13.95,13.948661,-0.001339,0.1,True,True
3f. Sensibilidades SMA10 2008-2026,aislada_2008,bh_T1 MDD,pct,-29.74,-29.744486,-0.004486,0.1,True,True
3f. Sensibilidades SMA10 2008-2026,aislada_2008,mxn_T0 CAGR,pct,15.25,15.253737,0.003737,0.1,True,True
3f. Sensibilidades SMA10 2008-2026,aislada_2008,mxn_T0 MDD,pct,-12.23,-12.227587,0.002413,0.1,True,True
3f. Sensibilidades SMA10 2008-2026,aislada_2008,bh_T0 CAGR,pct,13.94,13.944521,0.004521,0.1,True,True
3f. Sensibilidades SMA10 2008-2026,aislada_2008,bh_T0 MDD,pct,-28.68,-28.677542,0.002458,0.1,True,True
3f. Sensibilidades SMA10 2008-2026,origen_2008_11,mxn_T1 CAGR,pct,15.89,15.886767,-0.003233,0.1,True,True
3f. Sensibilidades SMA10 2008-2026,origen_2008_11,mxn_T1 MDD,pct,-12.71,-12.707876,0.002124,0.1,True,True
3f. Sensibilidades SMA10 2008-2026,origen_2008_11,usd_T1 CAGR,pct,12.37,12.374382,0.004382,0.1,True,True
3f. Sensibilidades SMA10 2008-2026,origen_2008_11,usd_T1 MDD,pct,-21.68,-21.680203,-0.000203,0.1,True,True
3f. Sensibilidades SMA10 2008-2026,origen_2008_11,bh_T1 CAGR,pct,16.1,16.102380,0.002380,0.1,True,True
3f. Sensibilidades SMA10 2008-2026,origen_2008_11,bh_T1 MDD,pct,-26.13,-26.131321,-0.001321,0.1,True,True
3f. Sensibilidades SMA10 2008-2026,origen_2008_11,mxn_T0 CAGR,pct,15.6,15.600526,0.000526,0.1,True,True
3f. Sensibilidades SMA10 2008-2026,origen_2008_11,mxn_T0 MDD,pct,-12.23,-12.227587,0.002413,0.1,True,True
3f. Sensibilidades SMA10 2008-2026,origen_2008_11,bh_T0 CAGR,pct,16.23,16.227315,-0.002685,0.1,True,True
3f. Sensibilidades SMA10 2008-2026,origen_2008_11,bh_T0 MDD,pct,-25.59,-25.594799,-0.004799,0.1,True,True
3f. Sensibilidades SMA10 2008-2026,origen_2008_11,bh_T1 CAGR (texto),pct,16.1,16.102380,0.002380,0.1,True,True
3f. Sensibilidades SMA10 2008-2026,origen_2008_11,mxn_T1 CAGR (texto),pct,15.9,15.886767,-0.013233,0.1,True,True
3g. Cifras recibidas de A5,"T0, 2008-01 a 2026-08 (pre-registrada)",SMA10-MXN CAGR,pct,15.23,15.232711,0.002711,0.1,True,True
3g. Cifras recibidas de A5,"T0, 2008-01 a 2026-08 (pre-registrada)",SMA10-MXN MDD,pct,-12.23,-12.227587,0.002413,0.1,True,True
3g. Cifras recibidas de A5,"T0, 2008-01 a 2026-08 (pre-registrada)",B&H CAGR,pct,13.97,13.965313,-0.004687,0.1,True,True
3g. Cifras recibidas de A5,"T0, 2008-01 a 2026-08 (pre-registrada)",B&H MDD,pct,-28.43,-28.434219,-0.004219,0.1,True,True
3g. Cifras recibidas de A5,"T0, 2008-01 a 2026-08 (pre-registrada)",dentro de tolerancia (4 banderas),categoria,"[False, False, True, False]","[False, False, True, False]",,igual,True,True
3g. Cifras recibidas de A5,"T1, 2008-01 a 2026-08 (pre-registrada, principal)",SMA10-MXN CAGR,pct,15.5,15.503874,0.003874,0.1,True,True
3g. Cifras recibidas de A5,"T1, 2008-01 a 2026-08 (pre-registrada, principal)",SMA10-MXN MDD,pct,-12.71,-12.707876,0.002124,0.1,True,True
3g. Cifras recibidas de A5,"T1, 2008-01 a 2026-08 (pre-registrada, principal)",B&H CAGR,pct,13.97,13.969456,-0.000544,0.1,True,True
3g. Cifras recibidas de A5,"T1, 2008-01 a 2026-08 (pre-registrada, principal)",B&H MDD,pct,-29.5,-29.504802,-0.004802,0.1,True,True
3g. Cifras recibidas de A5,"T1, 2008-01 a 2026-08 (pre-registrada, principal)",dentro de tolerancia (4 banderas),categoria,"[False, False, True, False]","[False, False, True, False]",,igual,True,True
3g. Cifras recibidas de A5,T0 aislada desde 2008-01,SMA10-MXN CAGR,pct,15.25,15.253737,0.003737,0.1,True,True
3g. Cifras recibidas de A5,T0 aislada desde 2008-01,SMA10-MXN MDD,pct,-12.23,-12.227587,0.002413,0.1,True,True
3g. Cifras recibidas de A5,T0 aislada desde 2008-01,B&H CAGR,pct,13.94,13.944521,0.004521,0.1,True,True
3g. Cifras recibidas de A5,T0 aislada desde 2008-01,B&H MDD,pct,-28.68,-28.677542,0.002458,0.1,True,True
3g. Cifras recibidas de A5,T0 aislada desde 2008-01,dentro de tolerancia (4 banderas),categoria,"[False, False, True, False]","[False, False, True, False]",,igual,True,True
3g. Cifras recibidas de A5,T0 con historia desde 2008 (nov-2008 a ago-2026),SMA10-MXN CAGR,pct,15.6,15.600526,0.000526,0.1,True,True
3g. Cifras recibidas de A5,T0 con historia desde 2008 (nov-2008 a ago-2026),SMA10-MXN MDD,pct,-12.23,-12.227587,0.002413,0.1,True,True
3g. Cifras recibidas de A5,T0 con historia desde 2008 (nov-2008 a ago-2026),B&H CAGR,pct,16.23,16.227315,-0.002685,0.1,True,True
3g. Cifras recibidas de A5,T0 con historia desde 2008 (nov-2008 a ago-2026),B&H MDD,pct,-25.59,-25.594799,-0.004799,0.1,True,True
3g. Cifras recibidas de A5,T0 con historia desde 2008 (nov-2008 a ago-2026),dentro de tolerancia (4 banderas),categoria,"[False, False, True, False]","[False, False, True, False]",,igual,True,True
3g. Cifras recibidas de A5,"POST-HOC T0, de ene-2007 a ago-2026",SMA10-MXN CAGR,pct,14.74,14.736598,-0.003402,0.1,True,True
3g. Cifras recibidas de A5,"POST-HOC T0, de ene-2007 a ago-2026",SMA10-MXN MDD,pct,-12.23,-12.227587,0.002413,0.1,True,True
3g. Cifras recibidas de A5,"POST-HOC T0, de ene-2007 a ago-2026",B&H CAGR,pct,13.54,13.538777,-0.001223,0.1,True,True
3g. Cifras recibidas de A5,"POST-HOC T0, de ene-2007 a ago-2026",B&H MDD,pct,-31.15,-31.150093,-0.000093,0.1,True,True
3g. Cifras recibidas de A5,"POST-HOC T0, de ene-2007 a ago-2026",dentro de tolerancia (4 banderas),categoria,"[True, True, True, True]","[True, True, True, True]",,igual,True,True
3g. Cifras recibidas de A5,"POST-HOC T0, de jul-2007 a ago-2026",SMA10-MXN CAGR,pct,14.74,14.741148,0.001148,0.1,True,True
3g. Cifras recibidas de A5,"POST-HOC T0, de jul-2007 a ago-2026",SMA10-MXN MDD,pct,-12.23,-12.227587,0.002413,0.1,True,True
3g. Cifras recibidas de A5,"POST-HOC T0, de jul-2007 a ago-2026",B&H CAGR,pct,13.51,13.512316,0.002316,0.1,True,True
3g. Cifras recibidas de A5,"POST-HOC T0, de jul-2007 a ago-2026",B&H MDD,pct,-31.15,-31.150093,-0.000093,0.1,True,True
3g. Cifras recibidas de A5,"POST-HOC T0, de jul-2007 a ago-2026",dentro de tolerancia (4 banderas),categoria,"[True, True, True, True]","[True, True, True, True]",,igual,True,True
3g. Cifras recibidas de A5,"POST-HOC T0, de oct-2007 a ago-2026",SMA10-MXN CAGR,pct,14.76,14.755192,-0.004808,0.1,True,True
3g. Cifras recibidas de A5,"POST-HOC T0, de oct-2007 a ago-2026",SMA10-MXN MDD,pct,-12.23,-12.227587,0.002413,0.1,True,True
3g. Cifras recibidas de A5,"POST-HOC T0, de oct-2007 a ago-2026",B&H CAGR,pct,13.51,13.510118,0.000118,0.1,True,True
3g. Cifras recibidas de A5,"POST-HOC T0, de oct-2007 a ago-2026",B&H MDD,pct,-31.38,-31.384183,-0.004183,0.1,True,True
3g. Cifras recibidas de A5,"POST-HOC T0, de oct-2007 a ago-2026",dentro de tolerancia (4 banderas),categoria,"[True, True, True, True]","[True, True, True, True]",,igual,True,True
3g. Cifras recibidas de A5,"POST-HOC T0, de ene-2007 a jun-2026",SMA10-MXN CAGR,pct,14.87,14.866889,-0.003111,0.1,True,True
3g. Cifras recibidas de A5,"POST-HOC T0, de ene-2007 a jun-2026",SMA10-MXN MDD,pct,-12.23,-12.227587,0.002413,0.1,True,True
3g. Cifras recibidas de A5,"POST-HOC T0, de ene-2007 a jun-2026",B&H CAGR,pct,13.66,13.657325,-0.002675,0.1,True,True
3g. Cifras recibidas de A5,"POST-HOC T0, de ene-2007 a jun-2026",B&H MDD,pct,-31.15,-31.150093,-0.000093,0.1,True,True
3g. Cifras recibidas de A5,"POST-HOC T0, de ene-2007 a jun-2026",dentro de tolerancia (4 banderas),categoria,"[True, True, True, True]","[True, True, True, True]",,igual,True,True
3g. Cifras recibidas de A5,post-hoc 2007-01_2026-08: pico y valle del -31% de comprar y mantener,meses,categoria,2007-09 a 2009-02,2007-09 a 2009-02,,igual,True,True
3g. Cifras recibidas de A5,post-hoc 2007-07_2026-08: pico y valle del -31% de comprar y mantener,meses,categoria,2007-09 a 2009-02,2007-09 a 2009-02,,igual,True,True
3g. Cifras recibidas de A5,post-hoc 2007-01_2026-06: pico y valle del -31% de comprar y mantener,meses,categoria,2007-09 a 2009-02,2007-09 a 2009-02,,igual,True,True
3g. Cifras recibidas de A5,"post-hoc: ventanas que reproducen (inicios ene/abr/jul/oct x fin jun/ago, inferido)",numero,entero,7.0,7,0.000000,0,True,True
4. Texto (Resumen y conclusiones),enero 2008 USD,texto,pct,6.0,6.046074,0.046074,0.1,True,True
4. Texto (Resumen y conclusiones),enero 2008 MXN,texto,pct,6.9,6.888629,-0.011371,0.1,True,True
4. Texto (Resumen y conclusiones),inicio min,texto,pct,13.4,13.411844,0.011844,0.1,True,True
4. Texto (Resumen y conclusiones),inicio max,texto,pct,17.2,17.175602,-0.024398,0.1,True,True
4. Texto (Resumen y conclusiones),"max |dif| SP500TR/FIX/MXN=X vs SPY x DEX, W1-W4",texto,pct,0.12,0.121413,0.001413,0.1,True,True
4. Texto (Resumen y conclusiones),NAFTRAC W1,texto,pct,6.11,6.111448,0.001448,0.1,True,True
4. Texto (Resumen y conclusiones),NAFTRAC fin jun-2026,texto,pct,6.29,6.288652,-0.001348,0.1,True,True
4. Texto (Resumen y conclusiones),"IPC con dividendos, extremo bajo (EWW x DEX)",texto,pct,6.4,6.421271,0.021271,0.1,True,True
4. Texto (Resumen y conclusiones),"IPC con dividendos, extremo alto (imputado)",texto,pct,6.7,6.656878,-0.043122,0.1,True,True
4. Texto (Resumen y conclusiones),CETES W1,texto,pct,6.37,6.372391,0.002391,0.1,True,True
4. Texto (Resumen y conclusiones),CETES inicio min,texto,pct,6.25,6.254699,0.004699,0.1,True,True
4. Texto (Resumen y conclusiones),CETES inicio max,texto,pct,6.43,6.428111,-0.001889,0.1,True,True
4. Texto (Resumen y conclusiones),A4 caida diaria 2008 USD,texto,pct,47.6,47.579594,-0.020406,0.1,True,True
4. Texto (Resumen y conclusiones),A4 cambio 2008 ^GSPC MXN,texto,pct,22.1,22.059879,-0.040121,0.1,True,True
4. Texto (Resumen y conclusiones),A4 cambio 2008 USD,texto,pct,36.8,36.794990,-0.005010,0.1,True,True
4. Texto (Resumen y conclusiones),A4 cambio 2008 MXN,texto,pct,19.9,19.917587,0.017587,0.1,True,True
4. Texto (Resumen y conclusiones),A4 diaria 2008 USD,texto,pct,47.6,47.579594,-0.020406,0.1,True,True
4. Texto (Resumen y conclusiones),A4 diaria 2008 MXN,texto,pct,34.9,34.883243,-0.016757,0.1,True,True
4. Texto (Resumen y conclusiones),A4 mensual crisis USD,texto,pct,50.8,50.784829,-0.015171,0.1,True,True
4. Texto (Resumen y conclusiones),A4 mensual crisis MXN,texto,pct,31.2,31.150093,-0.049907,0.1,True,True
4. Texto (Resumen y conclusiones),SMA10-MXN-T0 CAGR,texto,pct,15.23,15.232711,0.002711,0.1,True,True
4. Texto (Resumen y conclusiones),B&H T0 CAGR,texto,pct,13.97,13.965313,-0.004687,0.1,True,True
4. Texto (Resumen y conclusiones),SMA10-MXN-T0 MDD,texto,pct,12.2,12.227587,0.027587,0.1,True,True
4. Texto (Resumen y conclusiones),B&H T0 MDD,texto,pct,28.4,28.434219,0.034219,0.1,True,True
4. Texto (Resumen y conclusiones),SMA10-MXN-T1 CAGR,texto,pct,15.5,15.503874,0.003874,0.1,True,True
4. Texto (Resumen y conclusiones),B&H T1 CAGR,texto,pct,13.97,13.969456,-0.000544,0.1,True,True
4. Texto (Resumen y conclusiones),SMA10-MXN-T1 MDD,texto,pct,12.7,12.707876,0.007876,0.1,True,True
4. Texto (Resumen y conclusiones),B&H T1 MDD,texto,pct,29.5,29.504802,0.004802,0.1,True,True
4. Texto (Resumen y conclusiones),post-hoc jul-2007 SMA CAGR,texto,pct,14.74,14.741148,0.001148,0.1,True,True
4. Texto (Resumen y conclusiones),post-hoc jul-2007 B&H CAGR,texto,pct,13.51,13.512316,0.002316,0.1,True,True
4. Texto (Resumen y conclusiones),post-hoc jul-2007 SMA MDD,texto,pct,12.2,12.227587,0.027587,0.1,True,True
4. Texto (Resumen y conclusiones),post-hoc jul-2007 B&H MDD,texto,pct,31.2,31.150093,-0.049907,0.1,True,True
4. Texto (Resumen y conclusiones),NW SMA10-MXN-T1 2008-2026 x12,texto,x12,0.99,0.987241,-0.002759,0.12,True,True
4. Texto (Resumen y conclusiones),NW SMA10-MXN-T1 2008-2026 t,texto,t,0.55,0.547095,-0.002905,0.05,True,True
4. Texto (Resumen y conclusiones),NW SMA10-MXN-T1 1995-2007 t,texto,t,0.34,0.344948,0.004948,0.05,True,True
4. Texto (Resumen y conclusiones),NW SMA10-MXN-T1 1995-2026 t,texto,t,0.64,0.641229,0.001229,0.05,True,True
4. Texto (Resumen y conclusiones),SMA10-USD-T1 1995-2007 CAGR,texto,pct,20.8,20.832541,0.032541,0.1,True,True
4. Texto (Resumen y conclusiones),SMA10-MXN-T1 1995-2007 CAGR,texto,pct,18.3,18.261445,-0.038555,0.1,True,True
4. Texto (Resumen y conclusiones),SMA10-USD-T1 1995-2007 MDD,texto,pct,10.8,10.790194,-0.009806,0.1,True,True
4. Texto (Resumen y conclusiones),SMA10-MXN-T1 1995-2007 MDD,texto,pct,19.0,18.998504,-0.001496,0.1,True,True
4. Texto (Resumen y conclusiones),SMA10-USD-T1 2008-2026 CAGR,texto,pct,12.2,12.157937,-0.042063,0.1,True,True
4. Texto (Resumen y conclusiones),B&H T1 2008-2026 CAGR,texto,pct,14.0,13.969456,-0.030544,0.1,True,True
4. Texto (Resumen y conclusiones),DSR 2008-2026,texto,prob,0.997,0.996615,-0.000385,0.005,True,True
4. Texto (Resumen y conclusiones),DSR 1995-2007,texto,prob,0.32,0.322008,0.002008,0.005,True,True
4. Texto (Resumen y conclusiones),PSR B&H T1 2008-2026,texto,prob,0.99,0.991285,0.001285,0.005,True,True
4. Texto (Resumen y conclusiones),S&P MXN - CETES x12,texto,x12,7.8,7.840929,0.040929,0.12,True,True
4. Texto (Resumen y conclusiones),S&P MXN - CETES t,texto,t,2.39,2.385877,-0.004123,0.05,True,True
4. Texto (Resumen y conclusiones),CETES 1995-2007,texto,pct,18.3,18.326770,0.026770,0.1,True,True
4. Texto (Resumen y conclusiones),S&P MXN 1995-2007 (B&H T0),texto,pct,18.0,18.008689,0.008689,0.1,True,True
4. Texto (Resumen y conclusiones),S&P MXN - CETES 1995-2007 t,texto,t,0.22,0.218073,-0.001927,0.05,True,True
4. Texto (Resumen y conclusiones),CETES W1 - 6.1,texto,pct,0.27,0.272391,0.002391,0.1,True,True
4. Texto (Resumen y conclusiones),CETES minimo (inicio 2007-2009),texto,pct,6.25,6.254699,0.004699,0.1,True,True
4. Texto (Resumen y conclusiones),t minima SMA10-MXN,texto,t,0.18,0.178195,-0.001805,0.05,True,True
4. Texto (Resumen y conclusiones),t maxima SMA10-MXN,texto,t,0.64,0.641229,0.001229,0.05,True,True
4. Texto (Resumen y conclusiones),correlacion,texto,corr,-0.56,-0.560093,-0.000093,0.01,True,True
4. Texto (Resumen y conclusiones),MDD MXN W1,texto,pct,-28.0,-28.434219,-0.434219,0.5,True,True
4. Texto (Resumen y conclusiones),MDD USD W1,texto,pct,-48.0,-48.218685,-0.218685,0.5,True,True
4. Texto (Resumen y conclusiones),S&P net30 W1,texto,pct,13.35,13.349600,-0.000400,0.1,True,True
4. Texto (Resumen y conclusiones),CAGR MXN/USD W1,texto,pct,2.4,2.403671,0.003671,0.1,True,True
4. Texto (Resumen y conclusiones),sec.4 A1 W1,texto,pct,13.97,13.965313,-0.004687,0.1,True,True
4. Texto (Resumen y conclusiones),sec.4 A1 W2,texto,pct,14.47,14.472232,0.002232,0.1,True,True
4. Texto (Resumen y conclusiones),sec.4 A1 inicio min,texto,pct,13.4,13.411844,0.011844,0.1,True,True
4. Texto (Resumen y conclusiones),sec.4 A1 inicio max,texto,pct,17.2,17.175602,-0.024398,0.1,True,True
4. Texto (Resumen y conclusiones),sec.4 A2 W1,texto,pct,6.11,6.111448,0.001448,0.1,True,True
4. Texto (Resumen y conclusiones),sec.4 A2 fin jun-2026,texto,pct,6.29,6.288652,-0.001348,0.1,True,True
4. Texto (Resumen y conclusiones),sec.4 A2 extremo bajo,texto,pct,6.4,6.421271,0.021271,0.1,True,True
4. Texto (Resumen y conclusiones),sec.4 A2 extremo alto,texto,pct,6.7,6.656878,-0.043122,0.1,True,True
4. Texto (Resumen y conclusiones),sec.4 A3 CETES W1,texto,pct,6.37,6.372391,0.002391,0.1,True,True
4. Texto (Resumen y conclusiones),sec.4 A4 USD,texto,pct,-47.6,-47.579594,0.020406,0.1,True,True
4. Texto (Resumen y conclusiones),sec.4 A4 MXN precio,texto,pct,-22.1,-22.059879,0.040121,0.1,True,True
4. Texto (Resumen y conclusiones),sec.4 A4 cambio USD,texto,pct,-36.8,-36.794990,0.005010,0.1,True,True
4. Texto (Resumen y conclusiones),sec.4 A4 cambio MXN,texto,pct,-19.9,-19.917587,-0.017587,0.1,True,True
4. Texto (Resumen y conclusiones),sec.4 A4 diaria USD,texto,pct,-47.6,-47.579594,0.020406,0.1,True,True
4. Texto (Resumen y conclusiones),sec.4 A4 diaria MXN,texto,pct,-34.9,-34.883243,0.016757,0.1,True,True
4. Texto (Resumen y conclusiones),sec.4 A5 SMA T0 CAGR,texto,pct,15.23,15.232711,0.002711,0.1,True,True
4. Texto (Resumen y conclusiones),sec.4 A5 SMA T1 CAGR,texto,pct,15.5,15.503874,0.003874,0.1,True,True
4. Texto (Resumen y conclusiones),sec.4 A5 SMA T0 MDD,texto,pct,-12.2,-12.227587,-0.027587,0.1,True,True
4. Texto (Resumen y conclusiones),sec.4 A5 SMA T1 MDD,texto,pct,-12.7,-12.707876,-0.007876,0.1,True,True
4. Texto (Resumen y conclusiones),sec.4 A5 B&H CAGR,texto,pct,13.97,13.965313,-0.004687,0.1,True,True
4. Texto (Resumen y conclusiones),sec.4 A5 B&H T0 MDD,texto,pct,-28.4,-28.434219,-0.034219,0.1,True,True
4. Texto (Resumen y conclusiones),sec.4 A5 B&H T1 MDD,texto,pct,-29.5,-29.504802,-0.004802,0.1,True,True
4. Texto (Resumen y conclusiones),sec.4 A5 t,texto,t,0.55,0.547095,-0.002905,0.05,True,True
4. Texto (Resumen y conclusiones),sec.4 A5 DSR 1995-2007,texto,prob,0.32,0.322008,0.002008,0.005,True,True
4. Texto (Resumen y conclusiones),concl. S&P W1,texto,pct,13.97,13.965313,-0.004687,0.1,True,True
4. Texto (Resumen y conclusiones),concl. S&P W2,texto,pct,14.47,14.472232,0.002232,0.1,True,True
4. Texto (Resumen y conclusiones),concl. inicio min,texto,pct,13.4,13.411844,0.011844,0.1,True,True
4. Texto (Resumen y conclusiones),concl. inicio max,texto,pct,17.2,17.175602,-0.024398,0.1,True,True
4. Texto (Resumen y conclusiones),concl. t S&P-CETES,texto,t,2.39,2.385877,-0.004123,0.05,True,True
4. Texto (Resumen y conclusiones),concl. CETES 1995-2007,texto,pct,18.3,18.326770,0.026770,0.1,True,True
4. Texto (Resumen y conclusiones),concl. S&P MXN 1995-2007,texto,pct,18.0,18.008689,0.008689,0.1,True,True
4. Texto (Resumen y conclusiones),concl. cambio USD,texto,pct,36.8,36.794990,-0.005010,0.1,True,True
4. Texto (Resumen y conclusiones),concl. cambio MXN,texto,pct,19.9,19.917587,0.017587,0.1,True,True
4. Texto (Resumen y conclusiones),concl. diaria USD,texto,pct,47.6,47.579594,-0.020406,0.1,True,True
4. Texto (Resumen y conclusiones),concl. diaria MXN,texto,pct,34.9,34.883243,-0.016757,0.1,True,True
4. Texto (Resumen y conclusiones),concl. NAFTRAC piso,texto,pct,6.1,6.111448,0.011448,0.1,True,True
4. Texto (Resumen y conclusiones),concl. CETES W1,texto,pct,6.37,6.372391,0.002391,0.1,True,True
4. Texto (Resumen y conclusiones),concl. NO: S&P W1,texto,pct,13.97,13.965313,-0.004687,0.1,True,True
4. Texto (Resumen y conclusiones),concl. NO: S&P W2,texto,pct,14.5,14.472232,-0.027768,0.1,True,True
4. Texto (Resumen y conclusiones),concl. NO: DSR 2008-2026,texto,prob,0.997,0.996615,-0.000385,0.005,True,True
4. Texto (Resumen y conclusiones),concl. NO: PSR B&H,texto,prob,0.99,0.991285,0.001285,0.005,True,True
4. Texto (Resumen y conclusiones),concl. NO: DSR 1995-2007,texto,prob,0.32,0.322008,0.002008,0.005,True,True
4. Texto (Resumen y conclusiones),sec.5 meta S&P,texto,pct,13.97,13.965313,-0.004687,0.1,True,True
4. Texto (Resumen y conclusiones),sec.5 meta CETES,texto,pct,6.37,6.372391,0.002391,0.1,True,True
4. Texto (Resumen y conclusiones),sec.5 meta IPC piso,texto,pct,6.11,6.111448,0.001448,0.1,True,True
4. Texto (Resumen y conclusiones),sec.5 IPC extremo bajo,texto,pct,6.4,6.421271,0.021271,0.1,True,True
4. Texto (Resumen y conclusiones),sec.5 IPC extremo alto,texto,pct,6.7,6.656878,-0.043122,0.1,True,True
