rango_general,rango_filtrado,ticker,categoria,etiqueta,moneda,bolsa,fecha_ultimo,obs,precio_local,precio,ret_1m,ret_3m,ret_6m,ret_12_1,ret_12m,vol_60d,dist_sma200,sobre_sma200,dd_max_1a,dist_max_52s,ratio_6m_vol,rango_3m,rango_6m,rango_12_1,momentum_compuesto,ret_3m_local,ret_6m_local,dist_sma200_local,subyacente,subyacente_sobre_sma200_local,max_salto_diario,estado,nota
1,1,AMD,accion_eua,Semis,USD,NMS,2026-09-24,501,629.26001,11149.7128,0.439768,0.217079,2.051934,1.611957,2.760611,0.674017,0.769022,True,-0.311763,0.0,3.044334,7.0,1.0,3.0,3.666667,0.210721,2.064031,0.734904,,,0.210367,ok,
2,2,TECL,apalancado,3x Tecnologia,USD,PCX,2026-09-24,500,229.229996,4061.673359,0.30165,0.118815,1.433321,0.499963,0.952427,0.808918,0.479331,True,-0.475893,-0.138661,1.771898,16.0,4.0,10.0,10.0,0.112969,1.442965,0.452294,XLK,True,0.21117,ok,
3,3,MU,accion_eua,Semis (memoria),USD,NMS,2026-09-24,501,1080.530029,19145.662066,0.240313,0.03611,1.72263,4.187948,5.434678,0.784233,0.679159,True,-0.391525,-0.09751,2.196579,35.0,2.0,1.0,12.666667,0.030697,1.733422,0.645151,,,0.175077,ok,
4,4,SPXL,apalancado,3x S&P 500,USD,PCX,2026-09-24,501,287.0,5085.286724,0.056951,0.123255,0.520595,0.265586,0.337662,0.30228,0.185165,True,-0.271407,-0.008702,1.72223,14.0,8.0,16.0,12.666667,0.117386,0.526622,0.164853,SPY,True,0.076383,ok,
5,5,GMEXICOB.MX,bmv,Mineria/cobre,MXN,MEX,2026-09-24,502,220.979996,220.979996,-0.060869,0.133462,0.231256,0.701882,0.59829,0.311235,0.106538,True,-0.210684,-0.062843,0.743027,13.0,23.0,5.0,13.666667,0.133462,0.231256,0.106538,,,0.162391,ok,
6,6,UPRO,apalancado,3x S&P 500,USD,PCX,2026-09-24,500,149.990005,2657.638271,0.054977,0.11936,0.513204,0.260489,0.329786,0.304445,0.182338,True,-0.271788,-0.010942,1.685706,15.0,10.0,17.0,14.0,0.113512,0.519202,0.162369,SPY,True,0.076504,ok,
7,7,TQQQ,apalancado,3x Nasdaq-100,USD,NGM,2026-09-24,501,78.580002,1392.340906,0.192284,0.079747,0.804944,0.25906,0.501158,0.563671,0.277547,True,-0.381592,-0.072592,1.428039,21.0,5.0,18.0,14.666667,0.074106,0.812098,0.255267,QQQ,True,0.143017,ok,
8,8,COPX,materias_primas,Mineras de cobre,USD,PCX,2026-09-24,500,86.25,1528.243833,-0.046479,0.149242,0.180841,0.596525,0.52232,0.389235,0.070011,True,-0.247452,-0.069501,0.464607,11.0,28.0,7.0,15.333333,0.143238,0.185522,0.052106,,,0.101181,ok,
9,9,AAPL,accion_eua,Hardware,USD,NMS,2026-09-24,501,335.920013,5952.089145,0.131199,0.153185,0.332026,0.13578,0.284793,0.287681,0.18976,True,-0.176492,0.0,1.154147,10.0,14.0,30.0,18.0,0.14716,0.337305,0.170175,,,0.07709,ok,
10,10,SSO,apalancado,2x S&P 500,USD,PCX,2026-09-24,501,70.260002,1244.920753,0.054742,0.087391,0.33844,0.167797,0.231725,0.193701,0.13904,True,-0.185311,0.0,1.747225,20.0,12.0,23.0,18.333333,0.081711,0.343745,0.120001,SPY,True,0.047142,ok,
11,11,QLD,apalancado,2x Nasdaq-100,USD,PCX,2026-09-24,501,96.099998,1702.773681,0.145211,0.069286,0.529869,0.193048,0.366292,0.371853,0.215937,True,-0.265454,-0.019212,1.424941,27.0,7.0,22.0,18.666667,0.0637,0.535933,0.195258,QQQ,True,0.089561,ok,
12,12,XLK,sector_eua,Tecnologia,USD,PCX,2026-09-24,500,194.710007,3450.021645,0.131469,0.070533,0.427831,0.194314,0.351329,0.264128,0.21626,True,-0.17513,0.0,1.619785,25.0,11.0,20.0,18.666667,0.06494,0.43349,0.195965,,,0.057873,ok,
13,13,LLY,accion_eua,Farma,USD,NYQ,2026-09-24,500,1181.890015,20941.63624,-0.009451,0.064926,0.307768,0.55613,0.541423,0.324773,0.127049,True,-0.267397,-0.034456,0.947638,28.0,19.0,9.0,18.666667,0.059363,0.312951,0.109007,,,0.103706,ok,
14,14,GDX,materias_primas,Mineras de oro,USD,PCX,2026-09-24,501,92.349998,1636.328297,-0.067885,0.244604,0.101622,0.326728,0.236664,0.444429,0.032656,True,-0.382924,-0.180943,0.228656,6.0,39.0,13.0,19.333333,0.238102,0.105988,0.015889,,,0.129677,ok,
15,15,TSM,accion_eua,Semis (ADR),USD,NYQ,2026-09-24,501,451.149994,7993.822559,0.152695,0.031545,0.315745,0.354726,0.561585,0.359544,0.206063,True,-0.216375,-0.040265,0.878183,36.0,17.0,12.0,21.666667,0.026156,0.32096,0.185404,,,0.071786,ok,
16,16,XLE,sector_eua,Energia,USD,PCX,2026-09-24,501,62.599998,1109.194917,0.042776,0.181684,0.038393,0.314235,0.370452,0.230421,0.150372,True,-0.17921,-0.013067,0.166621,9.0,42.0,14.0,21.666667,0.17551,0.042509,0.131099,,,0.050976,ok,
17,17,SOXX,sector_eua,Semiconductores,USD,NGM,2026-09-24,501,566.070007,10030.063739,0.169472,-0.053342,0.655245,0.734963,1.028991,0.483079,0.290312,True,-0.286263,-0.118043,1.356394,56.0,6.0,4.0,22.0,-0.058287,0.661806,0.26704,,,0.099234,ok,
18,18,SMH,sector_eua,Semiconductores,USD,NGM,2026-09-24,501,600.52002,10640.47555,0.14773,-0.024633,0.515875,0.571496,0.803654,0.401391,0.242421,True,-0.242145,-0.08441,1.28522,50.0,9.0,8.0,22.333333,-0.029729,0.521884,0.22048,,,0.085624,ok,
19,19,XLV,sector_eua,Salud,USD,PCX,2026-09-24,500,169.869995,3009.887216,0.020055,0.117807,0.17823,0.193543,0.21748,0.197716,0.114636,True,-0.150176,0.0,0.901447,18.0,29.0,21.0,22.666667,0.111967,0.1829,0.097009,,,0.033618,ok,
20,20,NVDA,accion_eua,Semis,USD,NMS,2026-09-24,501,224.580002,3979.281191,0.127024,0.135739,0.279707,0.085195,0.223041,0.373681,0.14805,True,-0.217644,-0.017729,0.748518,12.0,20.0,39.0,23.666667,0.129806,0.284779,0.128954,,,0.084307,ok,
21,21,SOXL,apalancado,3x Semiconductores,USD,PCX,2026-09-24,501,146.330002,2592.787511,0.376608,-0.358823,1.653709,1.99028,3.116445,1.474345,0.306085,True,-0.692504,-0.503494,1.121657,68.0,3.0,2.0,24.333333,-0.362173,1.664228,0.280249,SOXX,True,0.352968,ok,
22,22,ARKK,tematico,Innovacion (ARK),USD,BTS,2026-09-24,500,91.699997,1624.81107,0.141944,0.201533,0.323739,-0.074926,0.056383,0.349845,0.202434,True,-0.320952,-0.041285,0.925378,8.0,15.0,50.0,24.333333,0.195255,0.328985,0.183617,,,0.061161,ok,
23,23,MSFT,accion_eua,Software,USD,NMS,2026-09-24,501,497.929993,8822.706555,0.067834,0.372208,0.335982,-0.113956,-0.053851,0.37259,0.175416,True,-0.379266,-0.110542,0.901747,4.0,13.0,57.0,24.666667,0.36504,0.341278,0.156716,,,0.13644,ok,
24,24,PLTR,accion_eua,Software,USD,NMS,2026-09-24,501,192.589996,3412.457671,0.144283,0.70574,0.23937,-0.0988,0.031228,0.722624,0.28665,True,-0.510442,-0.109241,0.331251,1.0,22.0,54.0,25.666667,0.696828,0.244282,0.267183,,,0.254472,ok,
25,25,ASML,accion_eua,Equipo semis (ADR),USD,NMS,2026-09-24,500,1722.5,30520.579729,0.034471,-0.016443,0.230274,0.701766,0.760428,0.448195,0.156718,True,-0.222859,-0.121597,0.513782,47.0,24.0,6.0,25.666667,-0.021581,0.235151,0.136729,,,0.081364,ok,
26,26,IGV,sector_eua,Software,USD,BTS,2026-09-24,501,107.150002,1898.566133,0.093002,0.250003,0.320799,-0.181808,-0.105715,0.330723,0.162113,True,-0.399763,-0.118342,0.969994,5.0,16.0,61.0,27.333333,0.243472,0.326034,0.144,,,0.075133,ok,
27,27,META,accion_eua,Internet,USD,NMS,2026-09-24,501,777.590027,13777.93812,0.454812,0.402784,0.308523,-0.322118,-0.013809,0.513602,0.263707,True,-0.331911,-0.004064,0.600706,3.0,18.0,64.0,28.333333,0.395456,0.31371,0.244166,,,0.11609,ok,
28,28,AMZN,accion_eua,Comercio/nube,USD,NMS,2026-09-24,501,249.380005,4418.706718,-0.005545,0.070089,0.198588,0.094888,0.088817,0.394534,0.05316,True,-0.273779,-0.101815,0.50335,26.0,26.0,34.0,28.666667,0.064498,0.203339,0.035915,,,0.141839,ok,
29,,SLV,materias_primas,Plata,USD,PCX,2026-09-24,501,57.619999,1020.955455,-0.031892,0.118629,-0.088284,0.437072,0.391241,0.350833,-0.112118,False,-0.517222,-0.438455,-0.251642,17.0,61.0,11.0,29.666667,0.112785,-0.08467,-0.126026,,,0.329188,ok,
30,29,QQQ,indice_eua,Nasdaq-100,USD,NGM,2026-09-24,501,741.099976,13131.379328,0.097662,0.049462,0.266748,0.094096,0.200947,0.179104,0.135586,True,-0.136295,0.0,1.489348,33.0,21.0,36.0,30.0,0.043979,0.271769,0.116907,,,0.038116,ok,
31,30,GOOGL,accion_eua,Internet,USD,NMS,2026-09-24,501,342.359985,6066.19752,0.028605,-0.002638,0.175566,0.298224,0.33536,0.343476,0.030754,True,-0.194622,-0.121905,0.511145,43.0,32.0,15.0,30.0,-0.007848,0.180225,0.013909,,,0.091548,ok,
32,31,IBIT,cripto,Bitcoin spot,USD,NGM,2026-09-24,501,47.810001,847.134374,0.119272,0.418987,0.212354,-0.362481,-0.286443,0.371903,0.154502,True,-0.55488,-0.352282,0.570992,2.0,25.0,65.0,30.666667,0.411574,0.217159,0.137328,,,0.133589,ok,
33,32,EEM,internacional,Emergentes,USD,PCX,2026-09-24,500,67.25,1191.58722,0.06308,0.005252,0.191307,0.167404,0.241044,0.222735,0.097315,True,-0.137775,-0.036853,0.858898,41.0,27.0,24.0,30.666667,0.0,0.196029,0.079264,,,0.05642,ok,
34,33,GFNORTEO.MX,bmv,Banca,MXN,MEX,2026-09-24,501,193.889999,193.889999,0.028922,0.064394,0.080266,0.150001,0.183261,0.221049,0.056651,True,-0.118086,-0.034893,0.363115,29.0,41.0,25.0,31.666667,0.064394,0.080266,0.056651,,,0.052882,ok,
35,34,EWJ,internacional,Japon,USD,PCX,2026-09-24,500,95.809998,1697.635222,0.055748,0.039987,0.15214,0.12566,0.188413,0.17125,0.088264,True,-0.097285,-0.001084,0.888414,34.0,34.0,31.0,33.0,0.034553,0.156707,0.070575,,,0.035433,ok,
36,35,VOO,indice_eua,S&P 500,USD,PCX,2026-09-24,500,706.98999,12526.992374,0.052743,0.054881,0.176133,0.071882,0.128416,0.095721,0.092408,True,-0.092715,0.0,1.840072,31.0,30.0,41.0,34.0,0.04937,0.180794,0.074903,,,0.022121,ok,
37,36,FEMSAUBD.MX,bmv,Consumo,MXN,MEX,2026-09-24,501,208.770004,208.770004,0.008843,-0.021196,0.13897,0.232723,0.243624,0.268246,0.053297,True,-0.139332,-0.092975,0.518068,49.0,35.0,19.0,34.333333,-0.021196,0.13897,0.053297,,,0.056263,ok,
38,,IAU,materias_primas,Oro,USD,PCX,2026-09-24,500,80.300003,1422.817211,-0.040605,0.076433,-0.033555,0.144867,0.098379,0.210136,-0.043787,False,-0.255132,-0.186604,-0.159683,23.0,54.0,26.0,34.333333,0.07081,-0.029724,-0.058627,,,0.100845,ok,
39,37,EWZ,internacional,Brasil,USD,PCX,2026-09-24,500,36.91,653.999764,0.096762,0.096125,0.012116,0.088861,0.194222,0.203981,0.04309,True,-0.19398,-0.083361,0.059396,19.0,47.0,38.0,34.666667,0.090399,0.016127,0.026382,,,0.067898,ok,
40,38,SPY,indice_eua,S&P 500,USD,PCX,2026-09-24,501,767.179993,13593.485128,0.052745,0.054394,0.17582,0.071267,0.127771,0.093882,0.091693,True,-0.092878,0.0,1.872774,32.0,31.0,42.0,35.0,0.048886,0.180481,0.073936,,,0.022135,ok,
41,,GLD,materias_primas,Oro,USD,PCX,2026-09-24,501,391.690002,6940.264702,-0.040664,0.076047,-0.034609,0.143412,0.096917,0.212512,-0.044283,False,-0.25562,-0.187356,-0.162855,24.0,55.0,27.0,35.333333,0.070425,-0.030782,-0.059336,,,0.101564,ok,
42,39,JPM,accion_eua,Banca,USD,NYQ,2026-09-24,501,338.559998,5998.866414,-0.007225,0.025255,0.164419,0.06615,0.058447,0.181723,0.077531,True,-0.160654,-0.037311,0.904778,37.0,33.0,43.0,37.666667,0.019899,0.169034,0.060051,,,0.051199,ok,
43,40,IWM,indice_eua,Russell 2000,USD,PCX,2026-09-24,501,281.660004,4990.668562,-0.009564,-0.043181,0.133329,0.1432,0.132267,0.116207,0.044185,True,-0.088419,-0.047665,1.147344,55.0,36.0,28.0,39.666667,-0.04818,0.137821,0.026998,,,0.032521,ok,
44,41,DIA,indice_eua,Dow Jones,USD,PCX,2026-09-24,500,512.679993,9084.058399,0.006307,-0.00267,0.115212,0.078171,0.084971,0.103954,0.045477,True,-0.07925,-0.026324,1.108303,44.0,37.0,40.0,40.333333,-0.007881,0.119633,0.028832,,,0.021938,ok,
45,42,XLF,sector_eua,Financiero,USD,PCX,2026-09-24,501,54.529999,966.204456,-0.017713,0.024021,0.109941,0.011292,-0.006621,0.133593,0.039475,True,-0.142779,-0.035052,0.822953,38.0,38.0,45.0,40.333333,0.018671,0.11434,0.022887,,,0.030252,ok,
46,43,XLC,sector_eua,Comunicaciones,USD,PCX,2026-09-24,500,113.989998,2019.762449,0.064093,0.079091,0.02772,-0.112061,-0.05515,0.218919,0.022171,True,-0.144324,-0.060659,0.126622,22.0,44.0,56.0,40.666667,0.073453,0.031793,0.006528,,,0.037266,ok,
47,,EWW,internacional,Mexico,USD,PCX,2026-09-24,500,72.510002,1284.787983,-0.017793,-0.012186,0.011407,0.10433,0.084681,0.130288,-0.016831,False,-0.100043,-0.064649,0.087553,46.0,48.0,32.0,42.0,-0.017347,0.015416,-0.032569,,,0.036526,ok,
48,44,XLI,sector_eua,Industrial,USD,PCX,2026-09-24,500,168.830002,2991.459815,-0.011667,-0.055697,0.030672,0.091078,0.078348,0.146431,0.003695,True,-0.106136,-0.074006,0.209467,57.0,43.0,37.0,45.666667,-0.060631,0.034758,-0.012377,,,0.036777,ok,
49,,NAFTRAC.MX,bmv,IPC (ETF),MXN,YHD,2026-09-23,499,64.010002,64.010002,-0.021852,-0.026599,-0.005143,0.094177,0.070267,0.127577,-0.031951,False,-0.105049,-0.084468,-0.040311,51.0,51.0,35.0,45.666667,-0.026599,-0.005143,-0.031951,,,0.035724,ok,ultimo dato 2026-09-23 < corte
50,45,XLP,sector_eua,Consumo basico,USD,PCX,2026-09-24,500,81.699997,1447.623379,-0.017234,-0.020971,0.016903,0.045875,0.027851,0.180013,0.006139,True,-0.094207,-0.049748,0.093899,48.0,46.0,44.0,46.0,-0.026086,0.020934,-0.009788,,,0.029796,ok,
51,46,HYG,bonos,High yield EUA,USD,PCX,2026-09-24,500,77.889999,1380.114912,0.026923,-0.00467,0.009897,-0.046662,-0.020996,0.050857,0.011394,True,-0.064647,-0.032222,0.1946,45.0,49.0,47.0,47.0,-0.00987,0.0139,-0.004273,,,0.019489,ok,
52,,FXI,internacional,China large cap,USD,PCX,2026-09-24,500,34.240002,606.690683,0.006549,0.063653,-0.027705,-0.178965,-0.173588,0.16943,-0.040206,False,-0.26851,-0.196665,-0.163519,30.0,53.0,60.0,47.666667,0.058096,-0.023851,-0.054744,,,0.046556,ok,
53,,AVGO,accion_eua,Semis,USD,NMS,2026-09-24,501,350.359985,6207.947673,0.022449,-0.076501,0.100146,-0.021808,0.000151,0.385701,-0.030309,False,-0.300017,-0.251712,0.259648,61.0,40.0,46.0,49.0,-0.081326,0.104507,-0.046039,,,0.137528,ok,
54,,XLY,sector_eua,Consumo discrecional,USD,PCX,2026-09-24,500,110.32,1954.734599,-0.02329,-0.034122,0.006072,-0.086069,-0.107354,0.179371,-0.035914,False,-0.147161,-0.120387,0.033849,52.0,50.0,52.0,51.333333,-0.039168,0.010059,-0.050748,,,0.040087,ok,
55,,TSLA,accion_eua,Autos/IA,USD,NMS,2026-09-24,501,377.940002,6696.631627,0.13188,0.011703,-0.017184,-0.274972,-0.179355,0.526831,-0.031174,False,-0.407587,-0.23867,-0.032618,40.0,52.0,63.0,51.666667,0.006418,-0.013289,-0.045508,,,0.149787,ok,
56,,INDA,internacional,India,USD,BTS,2026-09-24,500,47.560001,842.704681,0.007153,-0.036676,0.021173,-0.139132,-0.132974,0.110975,-0.035509,False,-0.199847,-0.17373,0.190795,53.0,45.0,58.0,52.0,-0.041709,0.025221,-0.050156,,,0.03248,ok,
57,,CEMEXCPO.MX,bmv,Cemento,MXN,MEX,2026-09-24,501,16.950001,16.950001,-0.094265,-0.195045,-0.11839,0.140841,0.0333,0.243491,-0.17939,False,-0.27173,-0.27173,-0.48622,67.0,63.0,29.0,53.0,-0.195045,-0.11839,-0.17939,,,0.1015,ok,
58,,IEF,bonos,Tesoro EUA 7-10,USD,NGM,2026-09-24,500,89.690002,1589.196441,0.011376,-0.03837,-0.038941,-0.081276,-0.070824,0.055948,-0.023616,False,-0.116433,-0.090851,-0.696017,54.0,56.0,51.0,53.666667,-0.043394,-0.035131,-0.038573,,,0.02035,ok,
59,,AMXB.MX,bmv,Telecom,MXN,MEX,2026-09-24,501,19.6,19.6,-0.030663,-0.137641,-0.101302,0.097923,0.064258,0.178272,-0.061918,False,-0.184769,-0.170808,-0.568244,66.0,62.0,33.0,53.666667,-0.137641,-0.101302,-0.061918,,,0.077396,ok,
60,,COST,accion_eua,Consumo basico,USD,NMS,2026-09-24,500,896.47998,15884.521753,-0.035542,-0.060836,-0.080263,-0.049049,-0.082847,0.220369,-0.049411,False,-0.197058,-0.164084,-0.364222,59.0,60.0,48.0,55.666667,-0.065743,-0.076618,-0.064301,,,0.043681,ok,
61,,KWEB,internacional,Internet China,USD,PCX,2026-09-24,500,24.690001,437.476418,-0.017047,0.021386,-0.130392,-0.383508,-0.394018,0.246434,-0.15035,False,-0.445927,-0.413288,-0.529113,39.0,65.0,66.0,56.666667,0.016049,-0.126945,-0.162539,,,0.064493,ok,
62,,TLT,bonos,Tesoro EUA 20+,USD,NGM,2026-09-24,501,79.419998,1407.224607,0.009165,-0.075726,-0.058743,-0.110674,-0.102523,0.089769,-0.04265,False,-0.157752,-0.136362,-0.654379,60.0,59.0,55.0,58.0,-0.080555,-0.055012,-0.057485,,,0.024777,ok,
63,,UBER,accion_eua,Plataformas,USD,NYQ,2026-09-24,501,69.220001,1226.493217,-0.087666,-0.057772,-0.046907,-0.253967,-0.319369,0.36416,-0.066143,False,-0.374748,-0.334844,-0.128809,58.0,57.0,62.0,59.0,-0.062695,-0.04313,-0.080331,,,0.074119,ok,
64,,NFLX,accion_eua,Medios,USD,NMS,2026-09-24,501,71.720001,1270.79014,-0.063222,0.003573,-0.214289,-0.3886,-0.427254,0.376901,-0.14205,False,-0.485257,-0.444751,-0.568555,42.0,68.0,67.0,59.0,-0.00167,-0.211175,-0.154653,,,0.131075,ok,
65,,XLU,sector_eua,Servicios publicos,USD,PCX,2026-09-24,500,39.360001,697.410762,-0.041278,-0.124777,-0.118539,-0.058594,-0.097453,0.147545,-0.088519,False,-0.165534,-0.163934,-0.803412,65.0,64.0,49.0,59.333333,-0.12935,-0.115046,-0.102584,,,0.031419,ok,
66,,URA,materias_primas,Uranio,USD,PCX,2026-09-24,500,40.860001,723.988915,-0.065416,-0.081516,-0.155454,-0.093608,-0.152901,0.412935,-0.139264,False,-0.383301,-0.318734,-0.37646,62.0,66.0,53.0,60.333333,-0.086315,-0.152106,-0.152726,,,0.093004,ok,
67,,ORCL,accion_eua,Software/nube,USD,NYQ,2026-09-24,501,139.539993,2472.476918,0.02371,-0.106451,-0.048475,-0.57029,-0.560102,0.528419,-0.137407,False,-0.648155,-0.567311,-0.091737,63.0,58.0,68.0,63.0,-0.111119,-0.044704,-0.150276,,,0.121932,ok,
68,,WALMEX.MX,bmv,Comercio,MXN,MEX,2026-09-24,501,45.919998,45.919998,-0.019432,-0.108003,-0.182191,-0.151946,-0.168425,0.201092,-0.141513,False,-0.271393,-0.258967,-0.906004,64.0,67.0,59.0,63.333333,-0.108003,-0.182191,-0.141513,,,0.048052,ok,
